0,1,2,3
NUHS Green Guidelines.pdf,1,https://nuhs-intranet/Group%20Ops%20Shared%20Services/Group%20Strategic%20Procurement%20%20Documents/Green%20Procurement/NUHS%20Green%20Guidelines/NUHS%20Green%20Guidelines.pdf,30/11/2022 14:08
NUHS Green Guidelines.pdf,2,https://nuhs-intranet/Group%20Ops%20Shared%20Services/Group%20Strategic%20Procurement%20%20Documents/Green%20Procurement/NUHS%20Green%20Guidelines/NUHS%20Green%20Guidelines.pdf,30/11/2022 14:08
NUHS Green Guidelines.pdf,2,https://nuhs-intranet/Group%20Ops%20Shared%20Services/Group%20Strategic%20Procurement%20%20Documents/Green%20Procurement/NUHS%20Green%20Guidelines/NUHS%20Green%20Guidelines.pdf,30/11/2022 14:08
NUHS Green Guidelines.pdf,3,https://nuhs-intranet/Group%20Ops%20Shared%20Services/Group%20Strategic%20Procurement%20%20Documents/Green%20Procurement/NUHS%20Green%20Guidelines/NUHS%20Green%20Guidelines.pdf,30/11/2022 14:08
NUHS Green Guidelines.pdf,3,https://nuhs-intranet/Group%20Ops%20Shared%20Services/Group%20Strategic%20Procurement%20%20Documents/Green%20Procurement/NUHS%20Green%20Guidelines/NUHS%20Green%20Guidelines.pdf,30/11/2022 14:08
NUHS Green Guidelines.pdf,4,https://nuhs-intranet/Group%20Ops%20Shared%20Services/Group%20Strategic%20Procurement%20%20Documents/Green%20Procurement/NUHS%20Green%20Guidelines/NUHS%20Green%20Guidelines.pdf,30/11/2022 14:08
NUHS Green Guidelines.pdf,4,https://nuhs-intranet/Group%20Ops%20Shared%20Services/Group%20Strategic%20Procurement%20%20Documents/Green%20Procurement/NUHS%20Green%20Guidelines/NUHS%20Green%20Guidelines.pdf,30/11/2022 14:08
NUHS Green Guidelines.pdf,5,https://nuhs-intranet/Group%20Ops%20Shared%20Services/Group%20Strategic%20Procurement%20%20Documents/Green%20Procurement/NUHS%20Green%20Guidelines/NUHS%20Green%20Guidelines.pdf,30/11/2022 14:08
NUHS Green Guidelines.pdf,6,https://nuhs-intranet/Group%20Ops%20Shared%20Services/Group%20Strategic%20Procurement%20%20Documents/Green%20Procurement/NUHS%20Green%20Guidelines/NUHS%20Green%20Guidelines.pdf,30/11/2022 14:08
NUHS Procurement Policy (NUHS-GPP-001) Revision 3.4 (31 Oct 2023).pdf,1,https://nuhs-intranet/Group%20Ops%20Shared%20Services/Group%20Strategic%20Procurement%20%20Documents/Policies/Group%20Strategic%20Procurement%20%26%20Contract%20Management/NUHS%20Procurement%20Policy%20%28NUHS-GPP-001%29%20Revision%203.4%20%2831%20Oct%202023%29.pdf,2/11/2023 8:38
NUHS Procurement Policy (NUHS-GPP-001) Revision 3.4 (31 Oct 2023).pdf,2,https://nuhs-intranet/Group%20Ops%20Shared%20Services/Group%20Strategic%20Procurement%20%20Documents/Policies/Group%20Strategic%20Procurement%20%26%20Contract%20Management/NUHS%20Procurement%20Policy%20%28NUHS-GPP-001%29%20Revision%203.4%20%2831%20Oct%202023%29.pdf,2/11/2023 8:38
NUHS Procurement Policy (NUHS-GPP-001) Revision 3.4 (31 Oct 2023).pdf,2,https://nuhs-intranet/Group%20Ops%20Shared%20Services/Group%20Strategic%20Procurement%20%20Documents/Policies/Group%20Strategic%20Procurement%20%26%20Contract%20Management/NUHS%20Procurement%20Policy%20%28NUHS-GPP-001%29%20Revision%203.4%20%2831%20Oct%202023%29.pdf,2/11/2023 8:38
NUHS Procurement Policy (NUHS-GPP-001) Revision 3.4 (31 Oct 2023).pdf,3,https://nuhs-intranet/Group%20Ops%20Shared%20Services/Group%20Strategic%20Procurement%20%20Documents/Policies/Group%20Strategic%20Procurement%20%26%20Contract%20Management/NUHS%20Procurement%20Policy%20%28NUHS-GPP-001%29%20Revision%203.4%20%2831%20Oct%202023%29.pdf,2/11/2023 8:38
NUHS Procurement Policy (NUHS-GPP-001) Revision 3.4 (31 Oct 2023).pdf,3,https://nuhs-intranet/Group%20Ops%20Shared%20Services/Group%20Strategic%20Procurement%20%20Documents/Policies/Group%20Strategic%20Procurement%20%26%20Contract%20Management/NUHS%20Procurement%20Policy%20%28NUHS-GPP-001%29%20Revision%203.4%20%2831%20Oct%202023%29.pdf,2/11/2023 8:38
NUHS Procurement Policy (NUHS-GPP-001) Revision 3.4 (31 Oct 2023).pdf,4,https://nuhs-intranet/Group%20Ops%20Shared%20Services/Group%20Strategic%20Procurement%20%20Documents/Policies/Group%20Strategic%20Procurement%20%26%20Contract%20Management/NUHS%20Procurement%20Policy%20%28NUHS-GPP-001%29%20Revision%203.4%20%2831%20Oct%202023%29.pdf,2/11/2023 8:38
NUHS Procurement Policy (NUHS-GPP-001) Revision 3.4 (31 Oct 2023).pdf,4,https://nuhs-intranet/Group%20Ops%20Shared%20Services/Group%20Strategic%20Procurement%20%20Documents/Policies/Group%20Strategic%20Procurement%20%26%20Contract%20Management/NUHS%20Procurement%20Policy%20%28NUHS-GPP-001%29%20Revision%203.4%20%2831%20Oct%202023%29.pdf,2/11/2023 8:38
NUHS Procurement Policy (NUHS-GPP-001) Revision 3.4 (31 Oct 2023).pdf,5,https://nuhs-intranet/Group%20Ops%20Shared%20Services/Group%20Strategic%20Procurement%20%20Documents/Policies/Group%20Strategic%20Procurement%20%26%20Contract%20Management/NUHS%20Procurement%20Policy%20%28NUHS-GPP-001%29%20Revision%203.4%20%2831%20Oct%202023%29.pdf,2/11/2023 8:38
NUHS Procurement Policy (NUHS-GPP-001) Revision 3.4 (31 Oct 2023).pdf,6,https://nuhs-intranet/Group%20Ops%20Shared%20Services/Group%20Strategic%20Procurement%20%20Documents/Policies/Group%20Strategic%20Procurement%20%26%20Contract%20Management/NUHS%20Procurement%20Policy%20%28NUHS-GPP-001%29%20Revision%203.4%20%2831%20Oct%202023%29.pdf,2/11/2023 8:38
NUHS Procurement Policy (NUHS-GPP-001) Revision 3.4 (31 Oct 2023).pdf,7,https://nuhs-intranet/Group%20Ops%20Shared%20Services/Group%20Strategic%20Procurement%20%20Documents/Policies/Group%20Strategic%20Procurement%20%26%20Contract%20Management/NUHS%20Procurement%20Policy%20%28NUHS-GPP-001%29%20Revision%203.4%20%2831%20Oct%202023%29.pdf,2/11/2023 8:38
NUHS Procurement Policy (NUHS-GPP-001) Revision 3.4 (31 Oct 2023).pdf,8,https://nuhs-intranet/Group%20Ops%20Shared%20Services/Group%20Strategic%20Procurement%20%20Documents/Policies/Group%20Strategic%20Procurement%20%26%20Contract%20Management/NUHS%20Procurement%20Policy%20%28NUHS-GPP-001%29%20Revision%203.4%20%2831%20Oct%202023%29.pdf,2/11/2023 8:38
NUHS Procurement Policy (NUHS-GPP-001) Revision 3.4 (31 Oct 2023).pdf,8,https://nuhs-intranet/Group%20Ops%20Shared%20Services/Group%20Strategic%20Procurement%20%20Documents/Policies/Group%20Strategic%20Procurement%20%26%20Contract%20Management/NUHS%20Procurement%20Policy%20%28NUHS-GPP-001%29%20Revision%203.4%20%2831%20Oct%202023%29.pdf,2/11/2023 8:38
NUHS Procurement Policy (NUHS-GPP-001) Revision 3.4 (31 Oct 2023).pdf,8,https://nuhs-intranet/Group%20Ops%20Shared%20Services/Group%20Strategic%20Procurement%20%20Documents/Policies/Group%20Strategic%20Procurement%20%26%20Contract%20Management/NUHS%20Procurement%20Policy%20%28NUHS-GPP-001%29%20Revision%203.4%20%2831%20Oct%202023%29.pdf,2/11/2023 8:38
NUHS Procurement Policy (NUHS-GPP-001) Revision 3.4 (31 Oct 2023).pdf,8,https://nuhs-intranet/Group%20Ops%20Shared%20Services/Group%20Strategic%20Procurement%20%20Documents/Policies/Group%20Strategic%20Procurement%20%26%20Contract%20Management/NUHS%20Procurement%20Policy%20%28NUHS-GPP-001%29%20Revision%203.4%20%2831%20Oct%202023%29.pdf,2/11/2023 8:38
NUHS Procurement Policy (NUHS-GPP-001) Revision 3.4 (31 Oct 2023).pdf,8,https://nuhs-intranet/Group%20Ops%20Shared%20Services/Group%20Strategic%20Procurement%20%20Documents/Policies/Group%20Strategic%20Procurement%20%26%20Contract%20Management/NUHS%20Procurement%20Policy%20%28NUHS-GPP-001%29%20Revision%203.4%20%2831%20Oct%202023%29.pdf,2/11/2023 8:38
NUHS Procurement Policy (NUHS-GPP-001) Revision 3.4 (31 Oct 2023).pdf,9,https://nuhs-intranet/Group%20Ops%20Shared%20Services/Group%20Strategic%20Procurement%20%20Documents/Policies/Group%20Strategic%20Procurement%20%26%20Contract%20Management/NUHS%20Procurement%20Policy%20%28NUHS-GPP-001%29%20Revision%203.4%20%2831%20Oct%202023%29.pdf,2/11/2023 8:38
NUHS Procurement Policy (NUHS-GPP-001) Revision 3.4 (31 Oct 2023).pdf,10,https://nuhs-intranet/Group%20Ops%20Shared%20Services/Group%20Strategic%20Procurement%20%20Documents/Policies/Group%20Strategic%20Procurement%20%26%20Contract%20Management/NUHS%20Procurement%20Policy%20%28NUHS-GPP-001%29%20Revision%203.4%20%2831%20Oct%202023%29.pdf,2/11/2023 8:38
NUHS Procurement Policy (NUHS-GPP-001) Revision 3.4 (31 Oct 2023).pdf,10,https://nuhs-intranet/Group%20Ops%20Shared%20Services/Group%20Strategic%20Procurement%20%20Documents/Policies/Group%20Strategic%20Procurement%20%26%20Contract%20Management/NUHS%20Procurement%20Policy%20%28NUHS-GPP-001%29%20Revision%203.4%20%2831%20Oct%202023%29.pdf,2/11/2023 8:38
NUHS Procurement Policy (NUHS-GPP-001) Revision 3.4 (31 Oct 2023).pdf,11,https://nuhs-intranet/Group%20Ops%20Shared%20Services/Group%20Strategic%20Procurement%20%20Documents/Policies/Group%20Strategic%20Procurement%20%26%20Contract%20Management/NUHS%20Procurement%20Policy%20%28NUHS-GPP-001%29%20Revision%203.4%20%2831%20Oct%202023%29.pdf,2/11/2023 8:38
NUHS Procurement Policy (NUHS-GPP-001) Revision 3.4 (31 Oct 2023).pdf,11,https://nuhs-intranet/Group%20Ops%20Shared%20Services/Group%20Strategic%20Procurement%20%20Documents/Policies/Group%20Strategic%20Procurement%20%26%20Contract%20Management/NUHS%20Procurement%20Policy%20%28NUHS-GPP-001%29%20Revision%203.4%20%2831%20Oct%202023%29.pdf,2/11/2023 8:38
NUHS Procurement Policy (NUHS-GPP-001) Revision 3.4 (31 Oct 2023).pdf,12,https://nuhs-intranet/Group%20Ops%20Shared%20Services/Group%20Strategic%20Procurement%20%20Documents/Policies/Group%20Strategic%20Procurement%20%26%20Contract%20Management/NUHS%20Procurement%20Policy%20%28NUHS-GPP-001%29%20Revision%203.4%20%2831%20Oct%202023%29.pdf,2/11/2023 8:38
NUHS Procurement Policy (NUHS-GPP-001) Revision 3.4 (31 Oct 2023).pdf,12,https://nuhs-intranet/Group%20Ops%20Shared%20Services/Group%20Strategic%20Procurement%20%20Documents/Policies/Group%20Strategic%20Procurement%20%26%20Contract%20Management/NUHS%20Procurement%20Policy%20%28NUHS-GPP-001%29%20Revision%203.4%20%2831%20Oct%202023%29.pdf,2/11/2023 8:38
NUHS Procurement Policy (NUHS-GPP-001) Revision 3.4 (31 Oct 2023).pdf,13,https://nuhs-intranet/Group%20Ops%20Shared%20Services/Group%20Strategic%20Procurement%20%20Documents/Policies/Group%20Strategic%20Procurement%20%26%20Contract%20Management/NUHS%20Procurement%20Policy%20%28NUHS-GPP-001%29%20Revision%203.4%20%2831%20Oct%202023%29.pdf,2/11/2023 8:38
NUHS Procurement Policy (NUHS-GPP-001) Revision 3.4 (31 Oct 2023).pdf,13,https://nuhs-intranet/Group%20Ops%20Shared%20Services/Group%20Strategic%20Procurement%20%20Documents/Policies/Group%20Strategic%20Procurement%20%26%20Contract%20Management/NUHS%20Procurement%20Policy%20%28NUHS-GPP-001%29%20Revision%203.4%20%2831%20Oct%202023%29.pdf,2/11/2023 8:38
NUHS Procurement Policy (NUHS-GPP-001) Revision 3.4 (31 Oct 2023).pdf,14,https://nuhs-intranet/Group%20Ops%20Shared%20Services/Group%20Strategic%20Procurement%20%20Documents/Policies/Group%20Strategic%20Procurement%20%26%20Contract%20Management/NUHS%20Procurement%20Policy%20%28NUHS-GPP-001%29%20Revision%203.4%20%2831%20Oct%202023%29.pdf,2/11/2023 8:38
NUHS Procurement Policy (NUHS-GPP-001) Revision 3.4 (31 Oct 2023).pdf,14,https://nuhs-intranet/Group%20Ops%20Shared%20Services/Group%20Strategic%20Procurement%20%20Documents/Policies/Group%20Strategic%20Procurement%20%26%20Contract%20Management/NUHS%20Procurement%20Policy%20%28NUHS-GPP-001%29%20Revision%203.4%20%2831%20Oct%202023%29.pdf,2/11/2023 8:38
NUHS Procurement Policy (NUHS-GPP-001) Revision 3.4 (31 Oct 2023).pdf,15,https://nuhs-intranet/Group%20Ops%20Shared%20Services/Group%20Strategic%20Procurement%20%20Documents/Policies/Group%20Strategic%20Procurement%20%26%20Contract%20Management/NUHS%20Procurement%20Policy%20%28NUHS-GPP-001%29%20Revision%203.4%20%2831%20Oct%202023%29.pdf,2/11/2023 8:38
NUHS Procurement Policy (NUHS-GPP-001) Revision 3.4 (31 Oct 2023).pdf,15,https://nuhs-intranet/Group%20Ops%20Shared%20Services/Group%20Strategic%20Procurement%20%20Documents/Policies/Group%20Strategic%20Procurement%20%26%20Contract%20Management/NUHS%20Procurement%20Policy%20%28NUHS-GPP-001%29%20Revision%203.4%20%2831%20Oct%202023%29.pdf,2/11/2023 8:38
NUHS Procurement Policy (NUHS-GPP-001) Revision 3.4 (31 Oct 2023).pdf,16,https://nuhs-intranet/Group%20Ops%20Shared%20Services/Group%20Strategic%20Procurement%20%20Documents/Policies/Group%20Strategic%20Procurement%20%26%20Contract%20Management/NUHS%20Procurement%20Policy%20%28NUHS-GPP-001%29%20Revision%203.4%20%2831%20Oct%202023%29.pdf,2/11/2023 8:38
NUHS Procurement Policy (NUHS-GPP-001) Revision 3.4 (31 Oct 2023).pdf,16,https://nuhs-intranet/Group%20Ops%20Shared%20Services/Group%20Strategic%20Procurement%20%20Documents/Policies/Group%20Strategic%20Procurement%20%26%20Contract%20Management/NUHS%20Procurement%20Policy%20%28NUHS-GPP-001%29%20Revision%203.4%20%2831%20Oct%202023%29.pdf,2/11/2023 8:38
NUHS Procurement Policy (NUHS-GPP-001) Revision 3.4 (31 Oct 2023).pdf,17,https://nuhs-intranet/Group%20Ops%20Shared%20Services/Group%20Strategic%20Procurement%20%20Documents/Policies/Group%20Strategic%20Procurement%20%26%20Contract%20Management/NUHS%20Procurement%20Policy%20%28NUHS-GPP-001%29%20Revision%203.4%20%2831%20Oct%202023%29.pdf,2/11/2023 8:38
NUHS Procurement Policy (NUHS-GPP-001) Revision 3.4 (31 Oct 2023).pdf,17,https://nuhs-intranet/Group%20Ops%20Shared%20Services/Group%20Strategic%20Procurement%20%20Documents/Policies/Group%20Strategic%20Procurement%20%26%20Contract%20Management/NUHS%20Procurement%20Policy%20%28NUHS-GPP-001%29%20Revision%203.4%20%2831%20Oct%202023%29.pdf,2/11/2023 8:38
NUHS Procurement Policy (NUHS-GPP-001) Revision 3.4 (31 Oct 2023).pdf,18,https://nuhs-intranet/Group%20Ops%20Shared%20Services/Group%20Strategic%20Procurement%20%20Documents/Policies/Group%20Strategic%20Procurement%20%26%20Contract%20Management/NUHS%20Procurement%20Policy%20%28NUHS-GPP-001%29%20Revision%203.4%20%2831%20Oct%202023%29.pdf,2/11/2023 8:38
NUHS Procurement Policy (NUHS-GPP-001) Revision 3.4 (31 Oct 2023).pdf,19,https://nuhs-intranet/Group%20Ops%20Shared%20Services/Group%20Strategic%20Procurement%20%20Documents/Policies/Group%20Strategic%20Procurement%20%26%20Contract%20Management/NUHS%20Procurement%20Policy%20%28NUHS-GPP-001%29%20Revision%203.4%20%2831%20Oct%202023%29.pdf,2/11/2023 8:38
NUHS Procurement Policy (NUHS-GPP-001) Revision 3.4 (31 Oct 2023).pdf,19,https://nuhs-intranet/Group%20Ops%20Shared%20Services/Group%20Strategic%20Procurement%20%20Documents/Policies/Group%20Strategic%20Procurement%20%26%20Contract%20Management/NUHS%20Procurement%20Policy%20%28NUHS-GPP-001%29%20Revision%203.4%20%2831%20Oct%202023%29.pdf,2/11/2023 8:38
NUHS Procurement Policy (NUHS-GPP-001) Revision 3.4 (31 Oct 2023).pdf,20,https://nuhs-intranet/Group%20Ops%20Shared%20Services/Group%20Strategic%20Procurement%20%20Documents/Policies/Group%20Strategic%20Procurement%20%26%20Contract%20Management/NUHS%20Procurement%20Policy%20%28NUHS-GPP-001%29%20Revision%203.4%20%2831%20Oct%202023%29.pdf,2/11/2023 8:38
NUHS Procurement Policy (NUHS-GPP-001) Revision 3.4 (31 Oct 2023).pdf,20,https://nuhs-intranet/Group%20Ops%20Shared%20Services/Group%20Strategic%20Procurement%20%20Documents/Policies/Group%20Strategic%20Procurement%20%26%20Contract%20Management/NUHS%20Procurement%20Policy%20%28NUHS-GPP-001%29%20Revision%203.4%20%2831%20Oct%202023%29.pdf,2/11/2023 8:38
NUHS Procurement Policy (NUHS-GPP-001) Revision 3.4 (31 Oct 2023).pdf,21,https://nuhs-intranet/Group%20Ops%20Shared%20Services/Group%20Strategic%20Procurement%20%20Documents/Policies/Group%20Strategic%20Procurement%20%26%20Contract%20Management/NUHS%20Procurement%20Policy%20%28NUHS-GPP-001%29%20Revision%203.4%20%2831%20Oct%202023%29.pdf,2/11/2023 8:38
NUHS Procurement Policy (NUHS-GPP-001) Revision 3.4 (31 Oct 2023).pdf,21,https://nuhs-intranet/Group%20Ops%20Shared%20Services/Group%20Strategic%20Procurement%20%20Documents/Policies/Group%20Strategic%20Procurement%20%26%20Contract%20Management/NUHS%20Procurement%20Policy%20%28NUHS-GPP-001%29%20Revision%203.4%20%2831%20Oct%202023%29.pdf,2/11/2023 8:38
NUHS Procurement Policy (NUHS-GPP-001) Revision 3.4 (31 Oct 2023).pdf,22,https://nuhs-intranet/Group%20Ops%20Shared%20Services/Group%20Strategic%20Procurement%20%20Documents/Policies/Group%20Strategic%20Procurement%20%26%20Contract%20Management/NUHS%20Procurement%20Policy%20%28NUHS-GPP-001%29%20Revision%203.4%20%2831%20Oct%202023%29.pdf,2/11/2023 8:38
NUHS Procurement Policy (NUHS-GPP-001) Revision 3.4 (31 Oct 2023).pdf,22,https://nuhs-intranet/Group%20Ops%20Shared%20Services/Group%20Strategic%20Procurement%20%20Documents/Policies/Group%20Strategic%20Procurement%20%26%20Contract%20Management/NUHS%20Procurement%20Policy%20%28NUHS-GPP-001%29%20Revision%203.4%20%2831%20Oct%202023%29.pdf,2/11/2023 8:38
NUHS Procurement Policy (NUHS-GPP-001) Revision 3.4 (31 Oct 2023).pdf,23,https://nuhs-intranet/Group%20Ops%20Shared%20Services/Group%20Strategic%20Procurement%20%20Documents/Policies/Group%20Strategic%20Procurement%20%26%20Contract%20Management/NUHS%20Procurement%20Policy%20%28NUHS-GPP-001%29%20Revision%203.4%20%2831%20Oct%202023%29.pdf,2/11/2023 8:38
NUHS Procurement Policy (NUHS-GPP-001) Revision 3.4 (31 Oct 2023).pdf,23,https://nuhs-intranet/Group%20Ops%20Shared%20Services/Group%20Strategic%20Procurement%20%20Documents/Policies/Group%20Strategic%20Procurement%20%26%20Contract%20Management/NUHS%20Procurement%20Policy%20%28NUHS-GPP-001%29%20Revision%203.4%20%2831%20Oct%202023%29.pdf,2/11/2023 8:38
NUHS Procurement Policy (NUHS-GPP-001) Revision 3.4 (31 Oct 2023).pdf,24,https://nuhs-intranet/Group%20Ops%20Shared%20Services/Group%20Strategic%20Procurement%20%20Documents/Policies/Group%20Strategic%20Procurement%20%26%20Contract%20Management/NUHS%20Procurement%20Policy%20%28NUHS-GPP-001%29%20Revision%203.4%20%2831%20Oct%202023%29.pdf,2/11/2023 8:38
NUHS Procurement Policy (NUHS-GPP-001) Revision 3.4 (31 Oct 2023).pdf,25,https://nuhs-intranet/Group%20Ops%20Shared%20Services/Group%20Strategic%20Procurement%20%20Documents/Policies/Group%20Strategic%20Procurement%20%26%20Contract%20Management/NUHS%20Procurement%20Policy%20%28NUHS-GPP-001%29%20Revision%203.4%20%2831%20Oct%202023%29.pdf,2/11/2023 8:38
NUHS Procurement Policy (NUHS-GPP-001) Revision 3.4 (31 Oct 2023).pdf,25,https://nuhs-intranet/Group%20Ops%20Shared%20Services/Group%20Strategic%20Procurement%20%20Documents/Policies/Group%20Strategic%20Procurement%20%26%20Contract%20Management/NUHS%20Procurement%20Policy%20%28NUHS-GPP-001%29%20Revision%203.4%20%2831%20Oct%202023%29.pdf,2/11/2023 8:38
NUHS Procurement Policy (NUHS-GPP-001) Revision 3.4 (31 Oct 2023).pdf,26,https://nuhs-intranet/Group%20Ops%20Shared%20Services/Group%20Strategic%20Procurement%20%20Documents/Policies/Group%20Strategic%20Procurement%20%26%20Contract%20Management/NUHS%20Procurement%20Policy%20%28NUHS-GPP-001%29%20Revision%203.4%20%2831%20Oct%202023%29.pdf,2/11/2023 8:38
NUHS Procurement Policy (NUHS-GPP-001) Revision 3.4 (31 Oct 2023).pdf,26,https://nuhs-intranet/Group%20Ops%20Shared%20Services/Group%20Strategic%20Procurement%20%20Documents/Policies/Group%20Strategic%20Procurement%20%26%20Contract%20Management/NUHS%20Procurement%20Policy%20%28NUHS-GPP-001%29%20Revision%203.4%20%2831%20Oct%202023%29.pdf,2/11/2023 8:38
NUHS Procurement Policy (NUHS-GPP-001) Revision 3.4 (31 Oct 2023).pdf,27,https://nuhs-intranet/Group%20Ops%20Shared%20Services/Group%20Strategic%20Procurement%20%20Documents/Policies/Group%20Strategic%20Procurement%20%26%20Contract%20Management/NUHS%20Procurement%20Policy%20%28NUHS-GPP-001%29%20Revision%203.4%20%2831%20Oct%202023%29.pdf,2/11/2023 8:38
NUHS Procurement Policy (NUHS-GPP-001) Revision 3.4 (31 Oct 2023).pdf,27,https://nuhs-intranet/Group%20Ops%20Shared%20Services/Group%20Strategic%20Procurement%20%20Documents/Policies/Group%20Strategic%20Procurement%20%26%20Contract%20Management/NUHS%20Procurement%20Policy%20%28NUHS-GPP-001%29%20Revision%203.4%20%2831%20Oct%202023%29.pdf,2/11/2023 8:38
NUHS Procurement Policy (NUHS-GPP-001) Revision 3.4 (31 Oct 2023).pdf,28,https://nuhs-intranet/Group%20Ops%20Shared%20Services/Group%20Strategic%20Procurement%20%20Documents/Policies/Group%20Strategic%20Procurement%20%26%20Contract%20Management/NUHS%20Procurement%20Policy%20%28NUHS-GPP-001%29%20Revision%203.4%20%2831%20Oct%202023%29.pdf,2/11/2023 8:38
NUHS Procurement Policy (NUHS-GPP-001) Revision 3.4 (31 Oct 2023).pdf,28,https://nuhs-intranet/Group%20Ops%20Shared%20Services/Group%20Strategic%20Procurement%20%20Documents/Policies/Group%20Strategic%20Procurement%20%26%20Contract%20Management/NUHS%20Procurement%20Policy%20%28NUHS-GPP-001%29%20Revision%203.4%20%2831%20Oct%202023%29.pdf,2/11/2023 8:38
NUHS Procurement Policy (NUHS-GPP-001) Revision 3.4 (31 Oct 2023).pdf,29,https://nuhs-intranet/Group%20Ops%20Shared%20Services/Group%20Strategic%20Procurement%20%20Documents/Policies/Group%20Strategic%20Procurement%20%26%20Contract%20Management/NUHS%20Procurement%20Policy%20%28NUHS-GPP-001%29%20Revision%203.4%20%2831%20Oct%202023%29.pdf,2/11/2023 8:38
NUHS Procurement Policy (NUHS-GPP-001) Revision 3.4 (31 Oct 2023).pdf,30,https://nuhs-intranet/Group%20Ops%20Shared%20Services/Group%20Strategic%20Procurement%20%20Documents/Policies/Group%20Strategic%20Procurement%20%26%20Contract%20Management/NUHS%20Procurement%20Policy%20%28NUHS-GPP-001%29%20Revision%203.4%20%2831%20Oct%202023%29.pdf,2/11/2023 8:38
NUHS Procurement Policy (NUHS-GPP-001) Revision 3.4 (31 Oct 2023).pdf,31,https://nuhs-intranet/Group%20Ops%20Shared%20Services/Group%20Strategic%20Procurement%20%20Documents/Policies/Group%20Strategic%20Procurement%20%26%20Contract%20Management/NUHS%20Procurement%20Policy%20%28NUHS-GPP-001%29%20Revision%203.4%20%2831%20Oct%202023%29.pdf,2/11/2023 8:38
NUHS Procurement Policy (NUHS-GPP-001) Revision 3.4 (31 Oct 2023).pdf,31,https://nuhs-intranet/Group%20Ops%20Shared%20Services/Group%20Strategic%20Procurement%20%20Documents/Policies/Group%20Strategic%20Procurement%20%26%20Contract%20Management/NUHS%20Procurement%20Policy%20%28NUHS-GPP-001%29%20Revision%203.4%20%2831%20Oct%202023%29.pdf,2/11/2023 8:38
NUHS Procurement Policy (NUHS-GPP-001) Revision 3.4 (31 Oct 2023).pdf,32,https://nuhs-intranet/Group%20Ops%20Shared%20Services/Group%20Strategic%20Procurement%20%20Documents/Policies/Group%20Strategic%20Procurement%20%26%20Contract%20Management/NUHS%20Procurement%20Policy%20%28NUHS-GPP-001%29%20Revision%203.4%20%2831%20Oct%202023%29.pdf,2/11/2023 8:38
NUHS Procurement Policy (NUHS-GPP-001) Revision 3.4 (31 Oct 2023).pdf,32,https://nuhs-intranet/Group%20Ops%20Shared%20Services/Group%20Strategic%20Procurement%20%20Documents/Policies/Group%20Strategic%20Procurement%20%26%20Contract%20Management/NUHS%20Procurement%20Policy%20%28NUHS-GPP-001%29%20Revision%203.4%20%2831%20Oct%202023%29.pdf,2/11/2023 8:38
NUHS Procurement Policy (NUHS-GPP-001) Revision 3.4 (31 Oct 2023).pdf,33,https://nuhs-intranet/Group%20Ops%20Shared%20Services/Group%20Strategic%20Procurement%20%20Documents/Policies/Group%20Strategic%20Procurement%20%26%20Contract%20Management/NUHS%20Procurement%20Policy%20%28NUHS-GPP-001%29%20Revision%203.4%20%2831%20Oct%202023%29.pdf,2/11/2023 8:38
NUHS Procurement Policy (NUHS-GPP-001) Revision 3.4 (31 Oct 2023).pdf,33,https://nuhs-intranet/Group%20Ops%20Shared%20Services/Group%20Strategic%20Procurement%20%20Documents/Policies/Group%20Strategic%20Procurement%20%26%20Contract%20Management/NUHS%20Procurement%20Policy%20%28NUHS-GPP-001%29%20Revision%203.4%20%2831%20Oct%202023%29.pdf,2/11/2023 8:38
NUHS Procurement Policy (NUHS-GPP-001) Revision 3.4 (31 Oct 2023).pdf,34,https://nuhs-intranet/Group%20Ops%20Shared%20Services/Group%20Strategic%20Procurement%20%20Documents/Policies/Group%20Strategic%20Procurement%20%26%20Contract%20Management/NUHS%20Procurement%20Policy%20%28NUHS-GPP-001%29%20Revision%203.4%20%2831%20Oct%202023%29.pdf,2/11/2023 8:38
NUHS Procurement Policy (NUHS-GPP-001) Revision 3.4 (31 Oct 2023).pdf,34,https://nuhs-intranet/Group%20Ops%20Shared%20Services/Group%20Strategic%20Procurement%20%20Documents/Policies/Group%20Strategic%20Procurement%20%26%20Contract%20Management/NUHS%20Procurement%20Policy%20%28NUHS-GPP-001%29%20Revision%203.4%20%2831%20Oct%202023%29.pdf,2/11/2023 8:38
NUHS Procurement Policy (NUHS-GPP-001) Revision 3.4 (31 Oct 2023).pdf,35,https://nuhs-intranet/Group%20Ops%20Shared%20Services/Group%20Strategic%20Procurement%20%20Documents/Policies/Group%20Strategic%20Procurement%20%26%20Contract%20Management/NUHS%20Procurement%20Policy%20%28NUHS-GPP-001%29%20Revision%203.4%20%2831%20Oct%202023%29.pdf,2/11/2023 8:38
NUHS Procurement Policy (NUHS-GPP-001) Revision 3.4 (31 Oct 2023).pdf,36,https://nuhs-intranet/Group%20Ops%20Shared%20Services/Group%20Strategic%20Procurement%20%20Documents/Policies/Group%20Strategic%20Procurement%20%26%20Contract%20Management/NUHS%20Procurement%20Policy%20%28NUHS-GPP-001%29%20Revision%203.4%20%2831%20Oct%202023%29.pdf,2/11/2023 8:38
NUHS Procurement Policy (NUHS-GPP-001) Revision 3.4 (31 Oct 2023).pdf,37,https://nuhs-intranet/Group%20Ops%20Shared%20Services/Group%20Strategic%20Procurement%20%20Documents/Policies/Group%20Strategic%20Procurement%20%26%20Contract%20Management/NUHS%20Procurement%20Policy%20%28NUHS-GPP-001%29%20Revision%203.4%20%2831%20Oct%202023%29.pdf,2/11/2023 8:38
NUHS Procurement Policy (NUHS-GPP-001) Revision 3.4 (31 Oct 2023).pdf,37,https://nuhs-intranet/Group%20Ops%20Shared%20Services/Group%20Strategic%20Procurement%20%20Documents/Policies/Group%20Strategic%20Procurement%20%26%20Contract%20Management/NUHS%20Procurement%20Policy%20%28NUHS-GPP-001%29%20Revision%203.4%20%2831%20Oct%202023%29.pdf,2/11/2023 8:38
NUHS Procurement Policy (NUHS-GPP-001) Revision 3.4 (31 Oct 2023).pdf,38,https://nuhs-intranet/Group%20Ops%20Shared%20Services/Group%20Strategic%20Procurement%20%20Documents/Policies/Group%20Strategic%20Procurement%20%26%20Contract%20Management/NUHS%20Procurement%20Policy%20%28NUHS-GPP-001%29%20Revision%203.4%20%2831%20Oct%202023%29.pdf,2/11/2023 8:38
NUHS Procurement Policy (NUHS-GPP-001) Revision 3.4 (31 Oct 2023).pdf,38,https://nuhs-intranet/Group%20Ops%20Shared%20Services/Group%20Strategic%20Procurement%20%20Documents/Policies/Group%20Strategic%20Procurement%20%26%20Contract%20Management/NUHS%20Procurement%20Policy%20%28NUHS-GPP-001%29%20Revision%203.4%20%2831%20Oct%202023%29.pdf,2/11/2023 8:38
NUHS Procurement Policy (NUHS-GPP-001) Revision 3.4 (31 Oct 2023).pdf,39,https://nuhs-intranet/Group%20Ops%20Shared%20Services/Group%20Strategic%20Procurement%20%20Documents/Policies/Group%20Strategic%20Procurement%20%26%20Contract%20Management/NUHS%20Procurement%20Policy%20%28NUHS-GPP-001%29%20Revision%203.4%20%2831%20Oct%202023%29.pdf,2/11/2023 8:38
NUHS Procurement Policy (NUHS-GPP-001) Revision 3.4 (31 Oct 2023).pdf,39,https://nuhs-intranet/Group%20Ops%20Shared%20Services/Group%20Strategic%20Procurement%20%20Documents/Policies/Group%20Strategic%20Procurement%20%26%20Contract%20Management/NUHS%20Procurement%20Policy%20%28NUHS-GPP-001%29%20Revision%203.4%20%2831%20Oct%202023%29.pdf,2/11/2023 8:38
NUHS Procurement Policy (NUHS-GPP-001) Revision 3.4 (31 Oct 2023).pdf,40,https://nuhs-intranet/Group%20Ops%20Shared%20Services/Group%20Strategic%20Procurement%20%20Documents/Policies/Group%20Strategic%20Procurement%20%26%20Contract%20Management/NUHS%20Procurement%20Policy%20%28NUHS-GPP-001%29%20Revision%203.4%20%2831%20Oct%202023%29.pdf,2/11/2023 8:38
NUHS Procurement Policy (NUHS-GPP-001) Revision 3.4 (31 Oct 2023).pdf,40,https://nuhs-intranet/Group%20Ops%20Shared%20Services/Group%20Strategic%20Procurement%20%20Documents/Policies/Group%20Strategic%20Procurement%20%26%20Contract%20Management/NUHS%20Procurement%20Policy%20%28NUHS-GPP-001%29%20Revision%203.4%20%2831%20Oct%202023%29.pdf,2/11/2023 8:38
NUHS Procurement Policy (NUHS-GPP-001) Revision 3.4 (31 Oct 2023).pdf,40,https://nuhs-intranet/Group%20Ops%20Shared%20Services/Group%20Strategic%20Procurement%20%20Documents/Policies/Group%20Strategic%20Procurement%20%26%20Contract%20Management/NUHS%20Procurement%20Policy%20%28NUHS-GPP-001%29%20Revision%203.4%20%2831%20Oct%202023%29.pdf,2/11/2023 8:38
NUHS Procurement Policy (NUHS-GPP-001) Revision 3.4 (31 Oct 2023).pdf,41,https://nuhs-intranet/Group%20Ops%20Shared%20Services/Group%20Strategic%20Procurement%20%20Documents/Policies/Group%20Strategic%20Procurement%20%26%20Contract%20Management/NUHS%20Procurement%20Policy%20%28NUHS-GPP-001%29%20Revision%203.4%20%2831%20Oct%202023%29.pdf,2/11/2023 8:38
NUHS Procurement Policy (NUHS-GPP-001) Revision 3.4 (31 Oct 2023).pdf,41,https://nuhs-intranet/Group%20Ops%20Shared%20Services/Group%20Strategic%20Procurement%20%20Documents/Policies/Group%20Strategic%20Procurement%20%26%20Contract%20Management/NUHS%20Procurement%20Policy%20%28NUHS-GPP-001%29%20Revision%203.4%20%2831%20Oct%202023%29.pdf,2/11/2023 8:38
NUHS Procurement Policy (NUHS-GPP-001) Revision 3.4 (31 Oct 2023).pdf,41,https://nuhs-intranet/Group%20Ops%20Shared%20Services/Group%20Strategic%20Procurement%20%20Documents/Policies/Group%20Strategic%20Procurement%20%26%20Contract%20Management/NUHS%20Procurement%20Policy%20%28NUHS-GPP-001%29%20Revision%203.4%20%2831%20Oct%202023%29.pdf,2/11/2023 8:38
NUHS Procurement Policy (NUHS-GPP-001) Revision 3.4 (31 Oct 2023).pdf,42,https://nuhs-intranet/Group%20Ops%20Shared%20Services/Group%20Strategic%20Procurement%20%20Documents/Policies/Group%20Strategic%20Procurement%20%26%20Contract%20Management/NUHS%20Procurement%20Policy%20%28NUHS-GPP-001%29%20Revision%203.4%20%2831%20Oct%202023%29.pdf,2/11/2023 8:38
NUHS Procurement Policy (NUHS-GPP-001) Revision 3.4 (31 Oct 2023).pdf,42,https://nuhs-intranet/Group%20Ops%20Shared%20Services/Group%20Strategic%20Procurement%20%20Documents/Policies/Group%20Strategic%20Procurement%20%26%20Contract%20Management/NUHS%20Procurement%20Policy%20%28NUHS-GPP-001%29%20Revision%203.4%20%2831%20Oct%202023%29.pdf,2/11/2023 8:38
NUHS Procurement Policy (NUHS-GPP-001) Revision 3.4 (31 Oct 2023).pdf,43,https://nuhs-intranet/Group%20Ops%20Shared%20Services/Group%20Strategic%20Procurement%20%20Documents/Policies/Group%20Strategic%20Procurement%20%26%20Contract%20Management/NUHS%20Procurement%20Policy%20%28NUHS-GPP-001%29%20Revision%203.4%20%2831%20Oct%202023%29.pdf,2/11/2023 8:38
NUHS Procurement Policy (NUHS-GPP-001) Revision 3.4 (31 Oct 2023).pdf,43,https://nuhs-intranet/Group%20Ops%20Shared%20Services/Group%20Strategic%20Procurement%20%20Documents/Policies/Group%20Strategic%20Procurement%20%26%20Contract%20Management/NUHS%20Procurement%20Policy%20%28NUHS-GPP-001%29%20Revision%203.4%20%2831%20Oct%202023%29.pdf,2/11/2023 8:38
NUHS Procurement Policy (NUHS-GPP-001) Revision 3.4 (31 Oct 2023).pdf,44,https://nuhs-intranet/Group%20Ops%20Shared%20Services/Group%20Strategic%20Procurement%20%20Documents/Policies/Group%20Strategic%20Procurement%20%26%20Contract%20Management/NUHS%20Procurement%20Policy%20%28NUHS-GPP-001%29%20Revision%203.4%20%2831%20Oct%202023%29.pdf,2/11/2023 8:38
NUHS Procurement Policy (NUHS-GPP-001) Revision 3.4 (31 Oct 2023).pdf,44,https://nuhs-intranet/Group%20Ops%20Shared%20Services/Group%20Strategic%20Procurement%20%20Documents/Policies/Group%20Strategic%20Procurement%20%26%20Contract%20Management/NUHS%20Procurement%20Policy%20%28NUHS-GPP-001%29%20Revision%203.4%20%2831%20Oct%202023%29.pdf,2/11/2023 8:38
NUHS Procurement Policy (NUHS-GPP-001) Revision 3.4 (31 Oct 2023).pdf,45,https://nuhs-intranet/Group%20Ops%20Shared%20Services/Group%20Strategic%20Procurement%20%20Documents/Policies/Group%20Strategic%20Procurement%20%26%20Contract%20Management/NUHS%20Procurement%20Policy%20%28NUHS-GPP-001%29%20Revision%203.4%20%2831%20Oct%202023%29.pdf,2/11/2023 8:38
NUHS Procurement Policy (NUHS-GPP-001) Revision 3.4 (31 Oct 2023).pdf,45,https://nuhs-intranet/Group%20Ops%20Shared%20Services/Group%20Strategic%20Procurement%20%20Documents/Policies/Group%20Strategic%20Procurement%20%26%20Contract%20Management/NUHS%20Procurement%20Policy%20%28NUHS-GPP-001%29%20Revision%203.4%20%2831%20Oct%202023%29.pdf,2/11/2023 8:38
NUHS Procurement Policy (NUHS-GPP-001) Revision 3.4 (31 Oct 2023).pdf,46,https://nuhs-intranet/Group%20Ops%20Shared%20Services/Group%20Strategic%20Procurement%20%20Documents/Policies/Group%20Strategic%20Procurement%20%26%20Contract%20Management/NUHS%20Procurement%20Policy%20%28NUHS-GPP-001%29%20Revision%203.4%20%2831%20Oct%202023%29.pdf,2/11/2023 8:38
NUHS Procurement Policy (NUHS-GPP-001) Revision 3.4 (31 Oct 2023).pdf,47,https://nuhs-intranet/Group%20Ops%20Shared%20Services/Group%20Strategic%20Procurement%20%20Documents/Policies/Group%20Strategic%20Procurement%20%26%20Contract%20Management/NUHS%20Procurement%20Policy%20%28NUHS-GPP-001%29%20Revision%203.4%20%2831%20Oct%202023%29.pdf,2/11/2023 8:38
NUHS Procurement Policy (NUHS-GPP-001) Revision 3.4 (31 Oct 2023).pdf,48,https://nuhs-intranet/Group%20Ops%20Shared%20Services/Group%20Strategic%20Procurement%20%20Documents/Policies/Group%20Strategic%20Procurement%20%26%20Contract%20Management/NUHS%20Procurement%20Policy%20%28NUHS-GPP-001%29%20Revision%203.4%20%2831%20Oct%202023%29.pdf,2/11/2023 8:38
NUHS Procurement Policy (NUHS-GPP-001) Revision 3.4 (31 Oct 2023).pdf,48,https://nuhs-intranet/Group%20Ops%20Shared%20Services/Group%20Strategic%20Procurement%20%20Documents/Policies/Group%20Strategic%20Procurement%20%26%20Contract%20Management/NUHS%20Procurement%20Policy%20%28NUHS-GPP-001%29%20Revision%203.4%20%2831%20Oct%202023%29.pdf,2/11/2023 8:38
NUHS Procurement Policy (NUHS-GPP-001) Revision 3.4 (31 Oct 2023).pdf,49,https://nuhs-intranet/Group%20Ops%20Shared%20Services/Group%20Strategic%20Procurement%20%20Documents/Policies/Group%20Strategic%20Procurement%20%26%20Contract%20Management/NUHS%20Procurement%20Policy%20%28NUHS-GPP-001%29%20Revision%203.4%20%2831%20Oct%202023%29.pdf,2/11/2023 8:38
NUHS Procurement Policy (NUHS-GPP-001) Revision 3.4 (31 Oct 2023).pdf,49,https://nuhs-intranet/Group%20Ops%20Shared%20Services/Group%20Strategic%20Procurement%20%20Documents/Policies/Group%20Strategic%20Procurement%20%26%20Contract%20Management/NUHS%20Procurement%20Policy%20%28NUHS-GPP-001%29%20Revision%203.4%20%2831%20Oct%202023%29.pdf,2/11/2023 8:38
NUHS Procurement Policy (NUHS-GPP-001) Revision 3.4 (31 Oct 2023).pdf,50,https://nuhs-intranet/Group%20Ops%20Shared%20Services/Group%20Strategic%20Procurement%20%20Documents/Policies/Group%20Strategic%20Procurement%20%26%20Contract%20Management/NUHS%20Procurement%20Policy%20%28NUHS-GPP-001%29%20Revision%203.4%20%2831%20Oct%202023%29.pdf,2/11/2023 8:38
NUHS Procurement Policy (NUHS-GPP-001) Revision 3.4 (31 Oct 2023).pdf,50,https://nuhs-intranet/Group%20Ops%20Shared%20Services/Group%20Strategic%20Procurement%20%20Documents/Policies/Group%20Strategic%20Procurement%20%26%20Contract%20Management/NUHS%20Procurement%20Policy%20%28NUHS-GPP-001%29%20Revision%203.4%20%2831%20Oct%202023%29.pdf,2/11/2023 8:38
NUHS Procurement Policy (NUHS-GPP-001) Revision 3.4 (31 Oct 2023).pdf,51,https://nuhs-intranet/Group%20Ops%20Shared%20Services/Group%20Strategic%20Procurement%20%20Documents/Policies/Group%20Strategic%20Procurement%20%26%20Contract%20Management/NUHS%20Procurement%20Policy%20%28NUHS-GPP-001%29%20Revision%203.4%20%2831%20Oct%202023%29.pdf,2/11/2023 8:38
NUHS Procurement Policy (NUHS-GPP-001) Revision 3.4 (31 Oct 2023).pdf,51,https://nuhs-intranet/Group%20Ops%20Shared%20Services/Group%20Strategic%20Procurement%20%20Documents/Policies/Group%20Strategic%20Procurement%20%26%20Contract%20Management/NUHS%20Procurement%20Policy%20%28NUHS-GPP-001%29%20Revision%203.4%20%2831%20Oct%202023%29.pdf,2/11/2023 8:38
NUHS Procurement Policy (NUHS-GPP-001) Revision 3.4 (31 Oct 2023).pdf,52,https://nuhs-intranet/Group%20Ops%20Shared%20Services/Group%20Strategic%20Procurement%20%20Documents/Policies/Group%20Strategic%20Procurement%20%26%20Contract%20Management/NUHS%20Procurement%20Policy%20%28NUHS-GPP-001%29%20Revision%203.4%20%2831%20Oct%202023%29.pdf,2/11/2023 8:38
NUHS Procurement Policy (NUHS-GPP-001) Revision 3.4 (31 Oct 2023).pdf,52,https://nuhs-intranet/Group%20Ops%20Shared%20Services/Group%20Strategic%20Procurement%20%20Documents/Policies/Group%20Strategic%20Procurement%20%26%20Contract%20Management/NUHS%20Procurement%20Policy%20%28NUHS-GPP-001%29%20Revision%203.4%20%2831%20Oct%202023%29.pdf,2/11/2023 8:38
NUHS Procurement Policy (NUHS-GPP-001) Revision 3.4 (31 Oct 2023).pdf,53,https://nuhs-intranet/Group%20Ops%20Shared%20Services/Group%20Strategic%20Procurement%20%20Documents/Policies/Group%20Strategic%20Procurement%20%26%20Contract%20Management/NUHS%20Procurement%20Policy%20%28NUHS-GPP-001%29%20Revision%203.4%20%2831%20Oct%202023%29.pdf,2/11/2023 8:38
NUHS Procurement Policy (NUHS-GPP-001) Revision 3.4 (31 Oct 2023).pdf,53,https://nuhs-intranet/Group%20Ops%20Shared%20Services/Group%20Strategic%20Procurement%20%20Documents/Policies/Group%20Strategic%20Procurement%20%26%20Contract%20Management/NUHS%20Procurement%20Policy%20%28NUHS-GPP-001%29%20Revision%203.4%20%2831%20Oct%202023%29.pdf,2/11/2023 8:38
NUHS Procurement Policy (NUHS-GPP-001) Revision 3.4 (31 Oct 2023).pdf,54,https://nuhs-intranet/Group%20Ops%20Shared%20Services/Group%20Strategic%20Procurement%20%20Documents/Policies/Group%20Strategic%20Procurement%20%26%20Contract%20Management/NUHS%20Procurement%20Policy%20%28NUHS-GPP-001%29%20Revision%203.4%20%2831%20Oct%202023%29.pdf,2/11/2023 8:38
NUHS Procurement Policy (NUHS-GPP-001) Revision 3.4 (31 Oct 2023).pdf,54,https://nuhs-intranet/Group%20Ops%20Shared%20Services/Group%20Strategic%20Procurement%20%20Documents/Policies/Group%20Strategic%20Procurement%20%26%20Contract%20Management/NUHS%20Procurement%20Policy%20%28NUHS-GPP-001%29%20Revision%203.4%20%2831%20Oct%202023%29.pdf,2/11/2023 8:38
NUHS Procurement Policy (NUHS-GPP-001) Revision 3.4 (31 Oct 2023).pdf,55,https://nuhs-intranet/Group%20Ops%20Shared%20Services/Group%20Strategic%20Procurement%20%20Documents/Policies/Group%20Strategic%20Procurement%20%26%20Contract%20Management/NUHS%20Procurement%20Policy%20%28NUHS-GPP-001%29%20Revision%203.4%20%2831%20Oct%202023%29.pdf,2/11/2023 8:38
NUHS Procurement Policy (NUHS-GPP-001) Revision 3.4 (31 Oct 2023).pdf,55,https://nuhs-intranet/Group%20Ops%20Shared%20Services/Group%20Strategic%20Procurement%20%20Documents/Policies/Group%20Strategic%20Procurement%20%26%20Contract%20Management/NUHS%20Procurement%20Policy%20%28NUHS-GPP-001%29%20Revision%203.4%20%2831%20Oct%202023%29.pdf,2/11/2023 8:38
NUHS Procurement Policy (NUHS-GPP-001) Revision 3.4 (31 Oct 2023).pdf,56,https://nuhs-intranet/Group%20Ops%20Shared%20Services/Group%20Strategic%20Procurement%20%20Documents/Policies/Group%20Strategic%20Procurement%20%26%20Contract%20Management/NUHS%20Procurement%20Policy%20%28NUHS-GPP-001%29%20Revision%203.4%20%2831%20Oct%202023%29.pdf,2/11/2023 8:38
NUHS Procurement Policy (NUHS-GPP-001) Revision 3.4 (31 Oct 2023).pdf,57,https://nuhs-intranet/Group%20Ops%20Shared%20Services/Group%20Strategic%20Procurement%20%20Documents/Policies/Group%20Strategic%20Procurement%20%26%20Contract%20Management/NUHS%20Procurement%20Policy%20%28NUHS-GPP-001%29%20Revision%203.4%20%2831%20Oct%202023%29.pdf,2/11/2023 8:38
NUHS Procurement Policy (NUHS-GPP-001) Revision 3.4 (31 Oct 2023).pdf,58,https://nuhs-intranet/Group%20Ops%20Shared%20Services/Group%20Strategic%20Procurement%20%20Documents/Policies/Group%20Strategic%20Procurement%20%26%20Contract%20Management/NUHS%20Procurement%20Policy%20%28NUHS-GPP-001%29%20Revision%203.4%20%2831%20Oct%202023%29.pdf,2/11/2023 8:38
NUHS Procurement Policy (NUHS-GPP-001) Revision 3.4 (31 Oct 2023).pdf,58,https://nuhs-intranet/Group%20Ops%20Shared%20Services/Group%20Strategic%20Procurement%20%20Documents/Policies/Group%20Strategic%20Procurement%20%26%20Contract%20Management/NUHS%20Procurement%20Policy%20%28NUHS-GPP-001%29%20Revision%203.4%20%2831%20Oct%202023%29.pdf,2/11/2023 8:38
NUHS Procurement Policy (NUHS-GPP-001) Revision 3.4 (31 Oct 2023).pdf,59,https://nuhs-intranet/Group%20Ops%20Shared%20Services/Group%20Strategic%20Procurement%20%20Documents/Policies/Group%20Strategic%20Procurement%20%26%20Contract%20Management/NUHS%20Procurement%20Policy%20%28NUHS-GPP-001%29%20Revision%203.4%20%2831%20Oct%202023%29.pdf,2/11/2023 8:38
NUHS Procurement Policy (NUHS-GPP-001) Revision 3.4 (31 Oct 2023).pdf,60,https://nuhs-intranet/Group%20Ops%20Shared%20Services/Group%20Strategic%20Procurement%20%20Documents/Policies/Group%20Strategic%20Procurement%20%26%20Contract%20Management/NUHS%20Procurement%20Policy%20%28NUHS-GPP-001%29%20Revision%203.4%20%2831%20Oct%202023%29.pdf,2/11/2023 8:38
NUHS Procurement Policy (NUHS-GPP-001) Revision 3.4 (31 Oct 2023).pdf,61,https://nuhs-intranet/Group%20Ops%20Shared%20Services/Group%20Strategic%20Procurement%20%20Documents/Policies/Group%20Strategic%20Procurement%20%26%20Contract%20Management/NUHS%20Procurement%20Policy%20%28NUHS-GPP-001%29%20Revision%203.4%20%2831%20Oct%202023%29.pdf,2/11/2023 8:38
NUHS Procurement Policy (NUHS-GPP-001) Revision 3.4 (31 Oct 2023).pdf,61,https://nuhs-intranet/Group%20Ops%20Shared%20Services/Group%20Strategic%20Procurement%20%20Documents/Policies/Group%20Strategic%20Procurement%20%26%20Contract%20Management/NUHS%20Procurement%20Policy%20%28NUHS-GPP-001%29%20Revision%203.4%20%2831%20Oct%202023%29.pdf,2/11/2023 8:38
NUHS Procurement Policy (NUHS-GPP-001) Revision 3.4 (31 Oct 2023).pdf,62,https://nuhs-intranet/Group%20Ops%20Shared%20Services/Group%20Strategic%20Procurement%20%20Documents/Policies/Group%20Strategic%20Procurement%20%26%20Contract%20Management/NUHS%20Procurement%20Policy%20%28NUHS-GPP-001%29%20Revision%203.4%20%2831%20Oct%202023%29.pdf,2/11/2023 8:38
NUHS Procurement Policy (NUHS-GPP-001) Revision 3.4 (31 Oct 2023).pdf,62,https://nuhs-intranet/Group%20Ops%20Shared%20Services/Group%20Strategic%20Procurement%20%20Documents/Policies/Group%20Strategic%20Procurement%20%26%20Contract%20Management/NUHS%20Procurement%20Policy%20%28NUHS-GPP-001%29%20Revision%203.4%20%2831%20Oct%202023%29.pdf,2/11/2023 8:38
NUHS Procurement Policy (NUHS-GPP-001) Revision 3.4 (31 Oct 2023).pdf,63,https://nuhs-intranet/Group%20Ops%20Shared%20Services/Group%20Strategic%20Procurement%20%20Documents/Policies/Group%20Strategic%20Procurement%20%26%20Contract%20Management/NUHS%20Procurement%20Policy%20%28NUHS-GPP-001%29%20Revision%203.4%20%2831%20Oct%202023%29.pdf,2/11/2023 8:38
NUHS Procurement Policy (NUHS-GPP-001) Revision 3.4 (31 Oct 2023).pdf,64,https://nuhs-intranet/Group%20Ops%20Shared%20Services/Group%20Strategic%20Procurement%20%20Documents/Policies/Group%20Strategic%20Procurement%20%26%20Contract%20Management/NUHS%20Procurement%20Policy%20%28NUHS-GPP-001%29%20Revision%203.4%20%2831%20Oct%202023%29.pdf,2/11/2023 8:38
NUHS Procurement Policy (NUHS-GPP-001) Revision 3.4 (31 Oct 2023).pdf,65,https://nuhs-intranet/Group%20Ops%20Shared%20Services/Group%20Strategic%20Procurement%20%20Documents/Policies/Group%20Strategic%20Procurement%20%26%20Contract%20Management/NUHS%20Procurement%20Policy%20%28NUHS-GPP-001%29%20Revision%203.4%20%2831%20Oct%202023%29.pdf,2/11/2023 8:38
NUHS Procurement Policy (NUHS-GPP-001) Revision 3.4 (31 Oct 2023).pdf,65,https://nuhs-intranet/Group%20Ops%20Shared%20Services/Group%20Strategic%20Procurement%20%20Documents/Policies/Group%20Strategic%20Procurement%20%26%20Contract%20Management/NUHS%20Procurement%20Policy%20%28NUHS-GPP-001%29%20Revision%203.4%20%2831%20Oct%202023%29.pdf,2/11/2023 8:38
NUHS Procurement Policy (NUHS-GPP-001) Revision 3.4 (31 Oct 2023).pdf,66,https://nuhs-intranet/Group%20Ops%20Shared%20Services/Group%20Strategic%20Procurement%20%20Documents/Policies/Group%20Strategic%20Procurement%20%26%20Contract%20Management/NUHS%20Procurement%20Policy%20%28NUHS-GPP-001%29%20Revision%203.4%20%2831%20Oct%202023%29.pdf,2/11/2023 8:38
NUHS Procurement Policy (NUHS-GPP-001) Revision 3.4 (31 Oct 2023).pdf,66,https://nuhs-intranet/Group%20Ops%20Shared%20Services/Group%20Strategic%20Procurement%20%20Documents/Policies/Group%20Strategic%20Procurement%20%26%20Contract%20Management/NUHS%20Procurement%20Policy%20%28NUHS-GPP-001%29%20Revision%203.4%20%2831%20Oct%202023%29.pdf,2/11/2023 8:38
NUHS Procurement Policy (NUHS-GPP-001) Revision 3.4 (31 Oct 2023).pdf,67,https://nuhs-intranet/Group%20Ops%20Shared%20Services/Group%20Strategic%20Procurement%20%20Documents/Policies/Group%20Strategic%20Procurement%20%26%20Contract%20Management/NUHS%20Procurement%20Policy%20%28NUHS-GPP-001%29%20Revision%203.4%20%2831%20Oct%202023%29.pdf,2/11/2023 8:38
NUHS Procurement Policy (NUHS-GPP-001) Revision 3.4 (31 Oct 2023).pdf,68,https://nuhs-intranet/Group%20Ops%20Shared%20Services/Group%20Strategic%20Procurement%20%20Documents/Policies/Group%20Strategic%20Procurement%20%26%20Contract%20Management/NUHS%20Procurement%20Policy%20%28NUHS-GPP-001%29%20Revision%203.4%20%2831%20Oct%202023%29.pdf,2/11/2023 8:38
NUHS Procurement Policy (NUHS-GPP-001) Revision 3.4 (31 Oct 2023).pdf,68,https://nuhs-intranet/Group%20Ops%20Shared%20Services/Group%20Strategic%20Procurement%20%20Documents/Policies/Group%20Strategic%20Procurement%20%26%20Contract%20Management/NUHS%20Procurement%20Policy%20%28NUHS-GPP-001%29%20Revision%203.4%20%2831%20Oct%202023%29.pdf,2/11/2023 8:38
NUHS Procurement Policy (NUHS-GPP-001) Revision 3.4 (31 Oct 2023).pdf,69,https://nuhs-intranet/Group%20Ops%20Shared%20Services/Group%20Strategic%20Procurement%20%20Documents/Policies/Group%20Strategic%20Procurement%20%26%20Contract%20Management/NUHS%20Procurement%20Policy%20%28NUHS-GPP-001%29%20Revision%203.4%20%2831%20Oct%202023%29.pdf,2/11/2023 8:38
NUHS Procurement Policy (NUHS-GPP-001) Revision 3.4 (31 Oct 2023).pdf,69,https://nuhs-intranet/Group%20Ops%20Shared%20Services/Group%20Strategic%20Procurement%20%20Documents/Policies/Group%20Strategic%20Procurement%20%26%20Contract%20Management/NUHS%20Procurement%20Policy%20%28NUHS-GPP-001%29%20Revision%203.4%20%2831%20Oct%202023%29.pdf,2/11/2023 8:38
NUHS Procurement Policy (NUHS-GPP-001) Revision 3.4 (31 Oct 2023).pdf,70,https://nuhs-intranet/Group%20Ops%20Shared%20Services/Group%20Strategic%20Procurement%20%20Documents/Policies/Group%20Strategic%20Procurement%20%26%20Contract%20Management/NUHS%20Procurement%20Policy%20%28NUHS-GPP-001%29%20Revision%203.4%20%2831%20Oct%202023%29.pdf,2/11/2023 8:38
NUHS Procurement Policy (NUHS-GPP-001) Revision 3.4 (31 Oct 2023).pdf,70,https://nuhs-intranet/Group%20Ops%20Shared%20Services/Group%20Strategic%20Procurement%20%20Documents/Policies/Group%20Strategic%20Procurement%20%26%20Contract%20Management/NUHS%20Procurement%20Policy%20%28NUHS-GPP-001%29%20Revision%203.4%20%2831%20Oct%202023%29.pdf,2/11/2023 8:38
NUHS Procurement Policy (NUHS-GPP-001) Revision 3.4 (31 Oct 2023).pdf,71,https://nuhs-intranet/Group%20Ops%20Shared%20Services/Group%20Strategic%20Procurement%20%20Documents/Policies/Group%20Strategic%20Procurement%20%26%20Contract%20Management/NUHS%20Procurement%20Policy%20%28NUHS-GPP-001%29%20Revision%203.4%20%2831%20Oct%202023%29.pdf,2/11/2023 8:38
NUHS Procurement Policy (NUHS-GPP-001) Revision 3.4 (31 Oct 2023).pdf,71,https://nuhs-intranet/Group%20Ops%20Shared%20Services/Group%20Strategic%20Procurement%20%20Documents/Policies/Group%20Strategic%20Procurement%20%26%20Contract%20Management/NUHS%20Procurement%20Policy%20%28NUHS-GPP-001%29%20Revision%203.4%20%2831%20Oct%202023%29.pdf,2/11/2023 8:38
NUHS Procurement Policy (NUHS-GPP-001) Revision 3.4 (31 Oct 2023).pdf,72,https://nuhs-intranet/Group%20Ops%20Shared%20Services/Group%20Strategic%20Procurement%20%20Documents/Policies/Group%20Strategic%20Procurement%20%26%20Contract%20Management/NUHS%20Procurement%20Policy%20%28NUHS-GPP-001%29%20Revision%203.4%20%2831%20Oct%202023%29.pdf,2/11/2023 8:38
NUHS Procurement Policy (NUHS-GPP-001) Revision 3.4 (31 Oct 2023).pdf,73,https://nuhs-intranet/Group%20Ops%20Shared%20Services/Group%20Strategic%20Procurement%20%20Documents/Policies/Group%20Strategic%20Procurement%20%26%20Contract%20Management/NUHS%20Procurement%20Policy%20%28NUHS-GPP-001%29%20Revision%203.4%20%2831%20Oct%202023%29.pdf,2/11/2023 8:38
NUHS Procurement Policy (NUHS-GPP-001) Revision 3.4 (31 Oct 2023).pdf,74,https://nuhs-intranet/Group%20Ops%20Shared%20Services/Group%20Strategic%20Procurement%20%20Documents/Policies/Group%20Strategic%20Procurement%20%26%20Contract%20Management/NUHS%20Procurement%20Policy%20%28NUHS-GPP-001%29%20Revision%203.4%20%2831%20Oct%202023%29.pdf,2/11/2023 8:38
NUHS Procurement Policy (NUHS-GPP-001) Revision 3.4 (31 Oct 2023).pdf,75,https://nuhs-intranet/Group%20Ops%20Shared%20Services/Group%20Strategic%20Procurement%20%20Documents/Policies/Group%20Strategic%20Procurement%20%26%20Contract%20Management/NUHS%20Procurement%20Policy%20%28NUHS-GPP-001%29%20Revision%203.4%20%2831%20Oct%202023%29.pdf,2/11/2023 8:38
NUHS Procurement Policy (NUHS-GPP-001) Revision 3.4 (31 Oct 2023).pdf,75,https://nuhs-intranet/Group%20Ops%20Shared%20Services/Group%20Strategic%20Procurement%20%20Documents/Policies/Group%20Strategic%20Procurement%20%26%20Contract%20Management/NUHS%20Procurement%20Policy%20%28NUHS-GPP-001%29%20Revision%203.4%20%2831%20Oct%202023%29.pdf,2/11/2023 8:38
NUHS Procurement Policy (NUHS-GPP-001) Revision 3.4 (31 Oct 2023).pdf,76,https://nuhs-intranet/Group%20Ops%20Shared%20Services/Group%20Strategic%20Procurement%20%20Documents/Policies/Group%20Strategic%20Procurement%20%26%20Contract%20Management/NUHS%20Procurement%20Policy%20%28NUHS-GPP-001%29%20Revision%203.4%20%2831%20Oct%202023%29.pdf,2/11/2023 8:38
NUHS Procurement Policy (NUHS-GPP-001) Revision 3.4 (31 Oct 2023).pdf,76,https://nuhs-intranet/Group%20Ops%20Shared%20Services/Group%20Strategic%20Procurement%20%20Documents/Policies/Group%20Strategic%20Procurement%20%26%20Contract%20Management/NUHS%20Procurement%20Policy%20%28NUHS-GPP-001%29%20Revision%203.4%20%2831%20Oct%202023%29.pdf,2/11/2023 8:38
NUHS Procurement Policy (NUHS-GPP-001) Revision 3.4 (31 Oct 2023).pdf,77,https://nuhs-intranet/Group%20Ops%20Shared%20Services/Group%20Strategic%20Procurement%20%20Documents/Policies/Group%20Strategic%20Procurement%20%26%20Contract%20Management/NUHS%20Procurement%20Policy%20%28NUHS-GPP-001%29%20Revision%203.4%20%2831%20Oct%202023%29.pdf,2/11/2023 8:38
NUHS Procurement Policy (NUHS-GPP-001) Revision 3.4 (31 Oct 2023).pdf,77,https://nuhs-intranet/Group%20Ops%20Shared%20Services/Group%20Strategic%20Procurement%20%20Documents/Policies/Group%20Strategic%20Procurement%20%26%20Contract%20Management/NUHS%20Procurement%20Policy%20%28NUHS-GPP-001%29%20Revision%203.4%20%2831%20Oct%202023%29.pdf,2/11/2023 8:38
NUHS Procurement Policy (NUHS-GPP-001) Revision 3.4 (31 Oct 2023).pdf,78,https://nuhs-intranet/Group%20Ops%20Shared%20Services/Group%20Strategic%20Procurement%20%20Documents/Policies/Group%20Strategic%20Procurement%20%26%20Contract%20Management/NUHS%20Procurement%20Policy%20%28NUHS-GPP-001%29%20Revision%203.4%20%2831%20Oct%202023%29.pdf,2/11/2023 8:38
NUHS Procurement Policy (NUHS-GPP-001) Revision 3.4 (31 Oct 2023).pdf,78,https://nuhs-intranet/Group%20Ops%20Shared%20Services/Group%20Strategic%20Procurement%20%20Documents/Policies/Group%20Strategic%20Procurement%20%26%20Contract%20Management/NUHS%20Procurement%20Policy%20%28NUHS-GPP-001%29%20Revision%203.4%20%2831%20Oct%202023%29.pdf,2/11/2023 8:38
NUHS Procurement Policy (NUHS-GPP-001) Revision 3.4 (31 Oct 2023).pdf,78,https://nuhs-intranet/Group%20Ops%20Shared%20Services/Group%20Strategic%20Procurement%20%20Documents/Policies/Group%20Strategic%20Procurement%20%26%20Contract%20Management/NUHS%20Procurement%20Policy%20%28NUHS-GPP-001%29%20Revision%203.4%20%2831%20Oct%202023%29.pdf,2/11/2023 8:38
NUHS Procurement Policy (NUHS-GPP-001) Revision 3.4 (31 Oct 2023).pdf,79,https://nuhs-intranet/Group%20Ops%20Shared%20Services/Group%20Strategic%20Procurement%20%20Documents/Policies/Group%20Strategic%20Procurement%20%26%20Contract%20Management/NUHS%20Procurement%20Policy%20%28NUHS-GPP-001%29%20Revision%203.4%20%2831%20Oct%202023%29.pdf,2/11/2023 8:38
NUHS Procurement Policy (NUHS-GPP-001) Revision 3.4 (31 Oct 2023).pdf,80,https://nuhs-intranet/Group%20Ops%20Shared%20Services/Group%20Strategic%20Procurement%20%20Documents/Policies/Group%20Strategic%20Procurement%20%26%20Contract%20Management/NUHS%20Procurement%20Policy%20%28NUHS-GPP-001%29%20Revision%203.4%20%2831%20Oct%202023%29.pdf,2/11/2023 8:38
NUHS Procurement Policy (NUHS-GPP-001) Revision 3.4 (31 Oct 2023).pdf,81,https://nuhs-intranet/Group%20Ops%20Shared%20Services/Group%20Strategic%20Procurement%20%20Documents/Policies/Group%20Strategic%20Procurement%20%26%20Contract%20Management/NUHS%20Procurement%20Policy%20%28NUHS-GPP-001%29%20Revision%203.4%20%2831%20Oct%202023%29.pdf,2/11/2023 8:38
NUHS Procurement Policy (NUHS-GPP-001) Revision 3.4 (31 Oct 2023).pdf,81,https://nuhs-intranet/Group%20Ops%20Shared%20Services/Group%20Strategic%20Procurement%20%20Documents/Policies/Group%20Strategic%20Procurement%20%26%20Contract%20Management/NUHS%20Procurement%20Policy%20%28NUHS-GPP-001%29%20Revision%203.4%20%2831%20Oct%202023%29.pdf,2/11/2023 8:38
NUHS Procurement Policy (NUHS-GPP-001) Revision 3.4 (31 Oct 2023).pdf,82,https://nuhs-intranet/Group%20Ops%20Shared%20Services/Group%20Strategic%20Procurement%20%20Documents/Policies/Group%20Strategic%20Procurement%20%26%20Contract%20Management/NUHS%20Procurement%20Policy%20%28NUHS-GPP-001%29%20Revision%203.4%20%2831%20Oct%202023%29.pdf,2/11/2023 8:38
NUHS Procurement Policy (NUHS-GPP-001) Revision 3.4 (31 Oct 2023).pdf,82,https://nuhs-intranet/Group%20Ops%20Shared%20Services/Group%20Strategic%20Procurement%20%20Documents/Policies/Group%20Strategic%20Procurement%20%26%20Contract%20Management/NUHS%20Procurement%20Policy%20%28NUHS-GPP-001%29%20Revision%203.4%20%2831%20Oct%202023%29.pdf,2/11/2023 8:38
NUHS Procurement Policy (NUHS-GPP-001) Revision 3.4 (31 Oct 2023).pdf,83,https://nuhs-intranet/Group%20Ops%20Shared%20Services/Group%20Strategic%20Procurement%20%20Documents/Policies/Group%20Strategic%20Procurement%20%26%20Contract%20Management/NUHS%20Procurement%20Policy%20%28NUHS-GPP-001%29%20Revision%203.4%20%2831%20Oct%202023%29.pdf,2/11/2023 8:38
NUHS Procurement Policy (NUHS-GPP-001) Revision 3.4 (31 Oct 2023).pdf,84,https://nuhs-intranet/Group%20Ops%20Shared%20Services/Group%20Strategic%20Procurement%20%20Documents/Policies/Group%20Strategic%20Procurement%20%26%20Contract%20Management/NUHS%20Procurement%20Policy%20%28NUHS-GPP-001%29%20Revision%203.4%20%2831%20Oct%202023%29.pdf,2/11/2023 8:38
NUHS Procurement Policy (NUHS-GPP-001) Revision 3.4 (31 Oct 2023).pdf,84,https://nuhs-intranet/Group%20Ops%20Shared%20Services/Group%20Strategic%20Procurement%20%20Documents/Policies/Group%20Strategic%20Procurement%20%26%20Contract%20Management/NUHS%20Procurement%20Policy%20%28NUHS-GPP-001%29%20Revision%203.4%20%2831%20Oct%202023%29.pdf,2/11/2023 8:38
NUHS Procurement Policy (NUHS-GPP-001) Revision 3.4 (31 Oct 2023).pdf,85,https://nuhs-intranet/Group%20Ops%20Shared%20Services/Group%20Strategic%20Procurement%20%20Documents/Policies/Group%20Strategic%20Procurement%20%26%20Contract%20Management/NUHS%20Procurement%20Policy%20%28NUHS-GPP-001%29%20Revision%203.4%20%2831%20Oct%202023%29.pdf,2/11/2023 8:38
NUHS Procurement Policy (NUHS-GPP-001) Revision 3.4 (31 Oct 2023).pdf,85,https://nuhs-intranet/Group%20Ops%20Shared%20Services/Group%20Strategic%20Procurement%20%20Documents/Policies/Group%20Strategic%20Procurement%20%26%20Contract%20Management/NUHS%20Procurement%20Policy%20%28NUHS-GPP-001%29%20Revision%203.4%20%2831%20Oct%202023%29.pdf,2/11/2023 8:38
NUHS Procurement Policy (NUHS-GPP-001) Revision 3.4 (31 Oct 2023).pdf,86,https://nuhs-intranet/Group%20Ops%20Shared%20Services/Group%20Strategic%20Procurement%20%20Documents/Policies/Group%20Strategic%20Procurement%20%26%20Contract%20Management/NUHS%20Procurement%20Policy%20%28NUHS-GPP-001%29%20Revision%203.4%20%2831%20Oct%202023%29.pdf,2/11/2023 8:38
NUHS Procurement Policy (NUHS-GPP-001) Revision 3.4 (31 Oct 2023).pdf,86,https://nuhs-intranet/Group%20Ops%20Shared%20Services/Group%20Strategic%20Procurement%20%20Documents/Policies/Group%20Strategic%20Procurement%20%26%20Contract%20Management/NUHS%20Procurement%20Policy%20%28NUHS-GPP-001%29%20Revision%203.4%20%2831%20Oct%202023%29.pdf,2/11/2023 8:38
NUHS Procurement Policy (NUHS-GPP-001) Revision 3.4 (31 Oct 2023).pdf,87,https://nuhs-intranet/Group%20Ops%20Shared%20Services/Group%20Strategic%20Procurement%20%20Documents/Policies/Group%20Strategic%20Procurement%20%26%20Contract%20Management/NUHS%20Procurement%20Policy%20%28NUHS-GPP-001%29%20Revision%203.4%20%2831%20Oct%202023%29.pdf,2/11/2023 8:38
NUHS Procurement Policy (NUHS-GPP-001) Revision 3.4 (31 Oct 2023).pdf,88,https://nuhs-intranet/Group%20Ops%20Shared%20Services/Group%20Strategic%20Procurement%20%20Documents/Policies/Group%20Strategic%20Procurement%20%26%20Contract%20Management/NUHS%20Procurement%20Policy%20%28NUHS-GPP-001%29%20Revision%203.4%20%2831%20Oct%202023%29.pdf,2/11/2023 8:38
NUHS Procurement Policy (NUHS-GPP-001) Revision 3.4 (31 Oct 2023).pdf,88,https://nuhs-intranet/Group%20Ops%20Shared%20Services/Group%20Strategic%20Procurement%20%20Documents/Policies/Group%20Strategic%20Procurement%20%26%20Contract%20Management/NUHS%20Procurement%20Policy%20%28NUHS-GPP-001%29%20Revision%203.4%20%2831%20Oct%202023%29.pdf,2/11/2023 8:38
NUHS Procurement Policy (NUHS-GPP-001) Revision 3.4 (31 Oct 2023).pdf,89,https://nuhs-intranet/Group%20Ops%20Shared%20Services/Group%20Strategic%20Procurement%20%20Documents/Policies/Group%20Strategic%20Procurement%20%26%20Contract%20Management/NUHS%20Procurement%20Policy%20%28NUHS-GPP-001%29%20Revision%203.4%20%2831%20Oct%202023%29.pdf,2/11/2023 8:38
NUHS Procurement Policy (NUHS-GPP-001) Revision 3.4 (31 Oct 2023).pdf,89,https://nuhs-intranet/Group%20Ops%20Shared%20Services/Group%20Strategic%20Procurement%20%20Documents/Policies/Group%20Strategic%20Procurement%20%26%20Contract%20Management/NUHS%20Procurement%20Policy%20%28NUHS-GPP-001%29%20Revision%203.4%20%2831%20Oct%202023%29.pdf,2/11/2023 8:38
NUHS Procurement Policy (NUHS-GPP-001) Revision 3.4 (31 Oct 2023).pdf,90,https://nuhs-intranet/Group%20Ops%20Shared%20Services/Group%20Strategic%20Procurement%20%20Documents/Policies/Group%20Strategic%20Procurement%20%26%20Contract%20Management/NUHS%20Procurement%20Policy%20%28NUHS-GPP-001%29%20Revision%203.4%20%2831%20Oct%202023%29.pdf,2/11/2023 8:38
NUHS Procurement Policy (NUHS-GPP-001) Revision 3.4 (31 Oct 2023).pdf,90,https://nuhs-intranet/Group%20Ops%20Shared%20Services/Group%20Strategic%20Procurement%20%20Documents/Policies/Group%20Strategic%20Procurement%20%26%20Contract%20Management/NUHS%20Procurement%20Policy%20%28NUHS-GPP-001%29%20Revision%203.4%20%2831%20Oct%202023%29.pdf,2/11/2023 8:38
NUHS Procurement Policy (NUHS-GPP-001) Revision 3.4 (31 Oct 2023).pdf,91,https://nuhs-intranet/Group%20Ops%20Shared%20Services/Group%20Strategic%20Procurement%20%20Documents/Policies/Group%20Strategic%20Procurement%20%26%20Contract%20Management/NUHS%20Procurement%20Policy%20%28NUHS-GPP-001%29%20Revision%203.4%20%2831%20Oct%202023%29.pdf,2/11/2023 8:38
NUHS Procurement Policy (NUHS-GPP-001) Revision 3.4 (31 Oct 2023).pdf,92,https://nuhs-intranet/Group%20Ops%20Shared%20Services/Group%20Strategic%20Procurement%20%20Documents/Policies/Group%20Strategic%20Procurement%20%26%20Contract%20Management/NUHS%20Procurement%20Policy%20%28NUHS-GPP-001%29%20Revision%203.4%20%2831%20Oct%202023%29.pdf,2/11/2023 8:38
NUHS Procurement Policy (NUHS-GPP-001) Revision 3.4 (31 Oct 2023).pdf,93,https://nuhs-intranet/Group%20Ops%20Shared%20Services/Group%20Strategic%20Procurement%20%20Documents/Policies/Group%20Strategic%20Procurement%20%26%20Contract%20Management/NUHS%20Procurement%20Policy%20%28NUHS-GPP-001%29%20Revision%203.4%20%2831%20Oct%202023%29.pdf,2/11/2023 8:38
NUHS Procurement Policy (NUHS-GPP-001) Revision 3.4 (31 Oct 2023).pdf,93,https://nuhs-intranet/Group%20Ops%20Shared%20Services/Group%20Strategic%20Procurement%20%20Documents/Policies/Group%20Strategic%20Procurement%20%26%20Contract%20Management/NUHS%20Procurement%20Policy%20%28NUHS-GPP-001%29%20Revision%203.4%20%2831%20Oct%202023%29.pdf,2/11/2023 8:38
NUHS Procurement Policy (NUHS-GPP-001) Revision 3.4 (31 Oct 2023).pdf,94,https://nuhs-intranet/Group%20Ops%20Shared%20Services/Group%20Strategic%20Procurement%20%20Documents/Policies/Group%20Strategic%20Procurement%20%26%20Contract%20Management/NUHS%20Procurement%20Policy%20%28NUHS-GPP-001%29%20Revision%203.4%20%2831%20Oct%202023%29.pdf,2/11/2023 8:38
NUHS Procurement Policy (NUHS-GPP-001) Revision 3.4 (31 Oct 2023).pdf,94,https://nuhs-intranet/Group%20Ops%20Shared%20Services/Group%20Strategic%20Procurement%20%20Documents/Policies/Group%20Strategic%20Procurement%20%26%20Contract%20Management/NUHS%20Procurement%20Policy%20%28NUHS-GPP-001%29%20Revision%203.4%20%2831%20Oct%202023%29.pdf,2/11/2023 8:38
NUHS Procurement Policy (NUHS-GPP-001) Revision 3.4 (31 Oct 2023).pdf,95,https://nuhs-intranet/Group%20Ops%20Shared%20Services/Group%20Strategic%20Procurement%20%20Documents/Policies/Group%20Strategic%20Procurement%20%26%20Contract%20Management/NUHS%20Procurement%20Policy%20%28NUHS-GPP-001%29%20Revision%203.4%20%2831%20Oct%202023%29.pdf,2/11/2023 8:38
NUHS Procurement Policy (NUHS-GPP-001) Revision 3.4 (31 Oct 2023).pdf,95,https://nuhs-intranet/Group%20Ops%20Shared%20Services/Group%20Strategic%20Procurement%20%20Documents/Policies/Group%20Strategic%20Procurement%20%26%20Contract%20Management/NUHS%20Procurement%20Policy%20%28NUHS-GPP-001%29%20Revision%203.4%20%2831%20Oct%202023%29.pdf,2/11/2023 8:38
NUHS Procurement Policy (NUHS-GPP-001) Revision 3.4 (31 Oct 2023).pdf,96,https://nuhs-intranet/Group%20Ops%20Shared%20Services/Group%20Strategic%20Procurement%20%20Documents/Policies/Group%20Strategic%20Procurement%20%26%20Contract%20Management/NUHS%20Procurement%20Policy%20%28NUHS-GPP-001%29%20Revision%203.4%20%2831%20Oct%202023%29.pdf,2/11/2023 8:38
NUHS Procurement Policy (NUHS-GPP-001) Revision 3.4 (31 Oct 2023).pdf,96,https://nuhs-intranet/Group%20Ops%20Shared%20Services/Group%20Strategic%20Procurement%20%20Documents/Policies/Group%20Strategic%20Procurement%20%26%20Contract%20Management/NUHS%20Procurement%20Policy%20%28NUHS-GPP-001%29%20Revision%203.4%20%2831%20Oct%202023%29.pdf,2/11/2023 8:38
NUHS Procurement Policy (NUHS-GPP-001) Revision 3.4 (31 Oct 2023).pdf,97,https://nuhs-intranet/Group%20Ops%20Shared%20Services/Group%20Strategic%20Procurement%20%20Documents/Policies/Group%20Strategic%20Procurement%20%26%20Contract%20Management/NUHS%20Procurement%20Policy%20%28NUHS-GPP-001%29%20Revision%203.4%20%2831%20Oct%202023%29.pdf,2/11/2023 8:38
NUHS Procurement Policy (NUHS-GPP-001) Revision 3.4 (31 Oct 2023).pdf,97,https://nuhs-intranet/Group%20Ops%20Shared%20Services/Group%20Strategic%20Procurement%20%20Documents/Policies/Group%20Strategic%20Procurement%20%26%20Contract%20Management/NUHS%20Procurement%20Policy%20%28NUHS-GPP-001%29%20Revision%203.4%20%2831%20Oct%202023%29.pdf,2/11/2023 8:38
NUHS Procurement Policy (NUHS-GPP-001) Revision 3.4 (31 Oct 2023).pdf,98,https://nuhs-intranet/Group%20Ops%20Shared%20Services/Group%20Strategic%20Procurement%20%20Documents/Policies/Group%20Strategic%20Procurement%20%26%20Contract%20Management/NUHS%20Procurement%20Policy%20%28NUHS-GPP-001%29%20Revision%203.4%20%2831%20Oct%202023%29.pdf,2/11/2023 8:38
NUHS Procurement Policy (NUHS-GPP-001) Revision 3.4 (31 Oct 2023).pdf,98,https://nuhs-intranet/Group%20Ops%20Shared%20Services/Group%20Strategic%20Procurement%20%20Documents/Policies/Group%20Strategic%20Procurement%20%26%20Contract%20Management/NUHS%20Procurement%20Policy%20%28NUHS-GPP-001%29%20Revision%203.4%20%2831%20Oct%202023%29.pdf,2/11/2023 8:38
NUHS Procurement Policy (NUHS-GPP-001) Revision 3.4 (31 Oct 2023).pdf,99,https://nuhs-intranet/Group%20Ops%20Shared%20Services/Group%20Strategic%20Procurement%20%20Documents/Policies/Group%20Strategic%20Procurement%20%26%20Contract%20Management/NUHS%20Procurement%20Policy%20%28NUHS-GPP-001%29%20Revision%203.4%20%2831%20Oct%202023%29.pdf,2/11/2023 8:38
NUHS Procurement Policy (NUHS-GPP-001) Revision 3.4 (31 Oct 2023).pdf,100,https://nuhs-intranet/Group%20Ops%20Shared%20Services/Group%20Strategic%20Procurement%20%20Documents/Policies/Group%20Strategic%20Procurement%20%26%20Contract%20Management/NUHS%20Procurement%20Policy%20%28NUHS-GPP-001%29%20Revision%203.4%20%2831%20Oct%202023%29.pdf,2/11/2023 8:38
NUHS Procurement Policy (NUHS-GPP-001) Revision 3.4 (31 Oct 2023).pdf,100,https://nuhs-intranet/Group%20Ops%20Shared%20Services/Group%20Strategic%20Procurement%20%20Documents/Policies/Group%20Strategic%20Procurement%20%26%20Contract%20Management/NUHS%20Procurement%20Policy%20%28NUHS-GPP-001%29%20Revision%203.4%20%2831%20Oct%202023%29.pdf,2/11/2023 8:38
NUHS Procurement Policy (NUHS-GPP-001) Revision 3.4 (31 Oct 2023).pdf,101,https://nuhs-intranet/Group%20Ops%20Shared%20Services/Group%20Strategic%20Procurement%20%20Documents/Policies/Group%20Strategic%20Procurement%20%26%20Contract%20Management/NUHS%20Procurement%20Policy%20%28NUHS-GPP-001%29%20Revision%203.4%20%2831%20Oct%202023%29.pdf,2/11/2023 8:38
NUHS Procurement Policy (NUHS-GPP-001) Revision 3.4 (31 Oct 2023).pdf,101,https://nuhs-intranet/Group%20Ops%20Shared%20Services/Group%20Strategic%20Procurement%20%20Documents/Policies/Group%20Strategic%20Procurement%20%26%20Contract%20Management/NUHS%20Procurement%20Policy%20%28NUHS-GPP-001%29%20Revision%203.4%20%2831%20Oct%202023%29.pdf,2/11/2023 8:38
NUHS Procurement Policy (NUHS-GPP-001) Revision 3.4 (31 Oct 2023).pdf,102,https://nuhs-intranet/Group%20Ops%20Shared%20Services/Group%20Strategic%20Procurement%20%20Documents/Policies/Group%20Strategic%20Procurement%20%26%20Contract%20Management/NUHS%20Procurement%20Policy%20%28NUHS-GPP-001%29%20Revision%203.4%20%2831%20Oct%202023%29.pdf,2/11/2023 8:38
NUHS Procurement Policy (NUHS-GPP-001) Revision 3.4 (31 Oct 2023).pdf,103,https://nuhs-intranet/Group%20Ops%20Shared%20Services/Group%20Strategic%20Procurement%20%20Documents/Policies/Group%20Strategic%20Procurement%20%26%20Contract%20Management/NUHS%20Procurement%20Policy%20%28NUHS-GPP-001%29%20Revision%203.4%20%2831%20Oct%202023%29.pdf,2/11/2023 8:38
NUHS Procurement Policy (NUHS-GPP-001) Revision 3.4 (31 Oct 2023).pdf,103,https://nuhs-intranet/Group%20Ops%20Shared%20Services/Group%20Strategic%20Procurement%20%20Documents/Policies/Group%20Strategic%20Procurement%20%26%20Contract%20Management/NUHS%20Procurement%20Policy%20%28NUHS-GPP-001%29%20Revision%203.4%20%2831%20Oct%202023%29.pdf,2/11/2023 8:38
NUHS Procurement Policy (NUHS-GPP-001) Revision 3.4 (31 Oct 2023).pdf,104,https://nuhs-intranet/Group%20Ops%20Shared%20Services/Group%20Strategic%20Procurement%20%20Documents/Policies/Group%20Strategic%20Procurement%20%26%20Contract%20Management/NUHS%20Procurement%20Policy%20%28NUHS-GPP-001%29%20Revision%203.4%20%2831%20Oct%202023%29.pdf,2/11/2023 8:38
NUHS Procurement Policy (NUHS-GPP-001) Revision 3.4 (31 Oct 2023).pdf,104,https://nuhs-intranet/Group%20Ops%20Shared%20Services/Group%20Strategic%20Procurement%20%20Documents/Policies/Group%20Strategic%20Procurement%20%26%20Contract%20Management/NUHS%20Procurement%20Policy%20%28NUHS-GPP-001%29%20Revision%203.4%20%2831%20Oct%202023%29.pdf,2/11/2023 8:38
NUHS Procurement Policy (NUHS-GPP-001) Revision 3.4 (31 Oct 2023).pdf,105,https://nuhs-intranet/Group%20Ops%20Shared%20Services/Group%20Strategic%20Procurement%20%20Documents/Policies/Group%20Strategic%20Procurement%20%26%20Contract%20Management/NUHS%20Procurement%20Policy%20%28NUHS-GPP-001%29%20Revision%203.4%20%2831%20Oct%202023%29.pdf,2/11/2023 8:38
NUHS Procurement Policy (NUHS-GPP-001) Revision 3.4 (31 Oct 2023).pdf,105,https://nuhs-intranet/Group%20Ops%20Shared%20Services/Group%20Strategic%20Procurement%20%20Documents/Policies/Group%20Strategic%20Procurement%20%26%20Contract%20Management/NUHS%20Procurement%20Policy%20%28NUHS-GPP-001%29%20Revision%203.4%20%2831%20Oct%202023%29.pdf,2/11/2023 8:38
NUHS Procurement Policy (NUHS-GPP-001) Revision 3.4 (31 Oct 2023).pdf,106,https://nuhs-intranet/Group%20Ops%20Shared%20Services/Group%20Strategic%20Procurement%20%20Documents/Policies/Group%20Strategic%20Procurement%20%26%20Contract%20Management/NUHS%20Procurement%20Policy%20%28NUHS-GPP-001%29%20Revision%203.4%20%2831%20Oct%202023%29.pdf,2/11/2023 8:38
NUHS Procurement Policy (NUHS-GPP-001) Revision 3.4 (31 Oct 2023).pdf,107,https://nuhs-intranet/Group%20Ops%20Shared%20Services/Group%20Strategic%20Procurement%20%20Documents/Policies/Group%20Strategic%20Procurement%20%26%20Contract%20Management/NUHS%20Procurement%20Policy%20%28NUHS-GPP-001%29%20Revision%203.4%20%2831%20Oct%202023%29.pdf,2/11/2023 8:38
NUHS Procurement Policy (NUHS-GPP-001) Revision 3.4 (31 Oct 2023).pdf,107,https://nuhs-intranet/Group%20Ops%20Shared%20Services/Group%20Strategic%20Procurement%20%20Documents/Policies/Group%20Strategic%20Procurement%20%26%20Contract%20Management/NUHS%20Procurement%20Policy%20%28NUHS-GPP-001%29%20Revision%203.4%20%2831%20Oct%202023%29.pdf,2/11/2023 8:38
NUHS Procurement Policy (NUHS-GPP-001) Revision 3.4 (31 Oct 2023).pdf,108,https://nuhs-intranet/Group%20Ops%20Shared%20Services/Group%20Strategic%20Procurement%20%20Documents/Policies/Group%20Strategic%20Procurement%20%26%20Contract%20Management/NUHS%20Procurement%20Policy%20%28NUHS-GPP-001%29%20Revision%203.4%20%2831%20Oct%202023%29.pdf,2/11/2023 8:38
NUHS Procurement Policy (NUHS-GPP-001) Revision 3.4 (31 Oct 2023).pdf,108,https://nuhs-intranet/Group%20Ops%20Shared%20Services/Group%20Strategic%20Procurement%20%20Documents/Policies/Group%20Strategic%20Procurement%20%26%20Contract%20Management/NUHS%20Procurement%20Policy%20%28NUHS-GPP-001%29%20Revision%203.4%20%2831%20Oct%202023%29.pdf,2/11/2023 8:38
NUHS Procurement Policy (NUHS-GPP-001) Revision 3.4 (31 Oct 2023).pdf,109,https://nuhs-intranet/Group%20Ops%20Shared%20Services/Group%20Strategic%20Procurement%20%20Documents/Policies/Group%20Strategic%20Procurement%20%26%20Contract%20Management/NUHS%20Procurement%20Policy%20%28NUHS-GPP-001%29%20Revision%203.4%20%2831%20Oct%202023%29.pdf,2/11/2023 8:38
NUHS Procurement Policy (NUHS-GPP-001) Revision 3.4 (31 Oct 2023).pdf,109,https://nuhs-intranet/Group%20Ops%20Shared%20Services/Group%20Strategic%20Procurement%20%20Documents/Policies/Group%20Strategic%20Procurement%20%26%20Contract%20Management/NUHS%20Procurement%20Policy%20%28NUHS-GPP-001%29%20Revision%203.4%20%2831%20Oct%202023%29.pdf,2/11/2023 8:38
NUHS Procurement Policy (NUHS-GPP-001) Revision 3.4 (31 Oct 2023).pdf,110,https://nuhs-intranet/Group%20Ops%20Shared%20Services/Group%20Strategic%20Procurement%20%20Documents/Policies/Group%20Strategic%20Procurement%20%26%20Contract%20Management/NUHS%20Procurement%20Policy%20%28NUHS-GPP-001%29%20Revision%203.4%20%2831%20Oct%202023%29.pdf,2/11/2023 8:38
NUHS Procurement Policy (NUHS-GPP-001) Revision 3.4 (31 Oct 2023).pdf,111,https://nuhs-intranet/Group%20Ops%20Shared%20Services/Group%20Strategic%20Procurement%20%20Documents/Policies/Group%20Strategic%20Procurement%20%26%20Contract%20Management/NUHS%20Procurement%20Policy%20%28NUHS-GPP-001%29%20Revision%203.4%20%2831%20Oct%202023%29.pdf,2/11/2023 8:38
NUHS Procurement Policy (NUHS-GPP-001) Revision 3.4 (31 Oct 2023).pdf,111,https://nuhs-intranet/Group%20Ops%20Shared%20Services/Group%20Strategic%20Procurement%20%20Documents/Policies/Group%20Strategic%20Procurement%20%26%20Contract%20Management/NUHS%20Procurement%20Policy%20%28NUHS-GPP-001%29%20Revision%203.4%20%2831%20Oct%202023%29.pdf,2/11/2023 8:38
NUHS Procurement Policy (NUHS-GPP-001) Revision 3.4 (31 Oct 2023).pdf,112,https://nuhs-intranet/Group%20Ops%20Shared%20Services/Group%20Strategic%20Procurement%20%20Documents/Policies/Group%20Strategic%20Procurement%20%26%20Contract%20Management/NUHS%20Procurement%20Policy%20%28NUHS-GPP-001%29%20Revision%203.4%20%2831%20Oct%202023%29.pdf,2/11/2023 8:38
NUHS Procurement Policy (NUHS-GPP-001) Revision 3.4 (31 Oct 2023).pdf,113,https://nuhs-intranet/Group%20Ops%20Shared%20Services/Group%20Strategic%20Procurement%20%20Documents/Policies/Group%20Strategic%20Procurement%20%26%20Contract%20Management/NUHS%20Procurement%20Policy%20%28NUHS-GPP-001%29%20Revision%203.4%20%2831%20Oct%202023%29.pdf,2/11/2023 8:38
NUHS Procurement Policy (NUHS-GPP-001) Revision 3.4 (31 Oct 2023).pdf,113,https://nuhs-intranet/Group%20Ops%20Shared%20Services/Group%20Strategic%20Procurement%20%20Documents/Policies/Group%20Strategic%20Procurement%20%26%20Contract%20Management/NUHS%20Procurement%20Policy%20%28NUHS-GPP-001%29%20Revision%203.4%20%2831%20Oct%202023%29.pdf,2/11/2023 8:38
NUHS Procurement Policy (NUHS-GPP-001) Revision 3.4 (31 Oct 2023).pdf,114,https://nuhs-intranet/Group%20Ops%20Shared%20Services/Group%20Strategic%20Procurement%20%20Documents/Policies/Group%20Strategic%20Procurement%20%26%20Contract%20Management/NUHS%20Procurement%20Policy%20%28NUHS-GPP-001%29%20Revision%203.4%20%2831%20Oct%202023%29.pdf,2/11/2023 8:38
NUHS Procurement Policy (NUHS-GPP-001) Revision 3.4 (31 Oct 2023).pdf,115,https://nuhs-intranet/Group%20Ops%20Shared%20Services/Group%20Strategic%20Procurement%20%20Documents/Policies/Group%20Strategic%20Procurement%20%26%20Contract%20Management/NUHS%20Procurement%20Policy%20%28NUHS-GPP-001%29%20Revision%203.4%20%2831%20Oct%202023%29.pdf,2/11/2023 8:38
NUHS Procurement Policy (NUHS-GPP-001) Revision 3.4 (31 Oct 2023).pdf,116,https://nuhs-intranet/Group%20Ops%20Shared%20Services/Group%20Strategic%20Procurement%20%20Documents/Policies/Group%20Strategic%20Procurement%20%26%20Contract%20Management/NUHS%20Procurement%20Policy%20%28NUHS-GPP-001%29%20Revision%203.4%20%2831%20Oct%202023%29.pdf,2/11/2023 8:38
NUHS Procurement Policy (NUHS-GPP-001) Revision 3.4 (31 Oct 2023).pdf,117,https://nuhs-intranet/Group%20Ops%20Shared%20Services/Group%20Strategic%20Procurement%20%20Documents/Policies/Group%20Strategic%20Procurement%20%26%20Contract%20Management/NUHS%20Procurement%20Policy%20%28NUHS-GPP-001%29%20Revision%203.4%20%2831%20Oct%202023%29.pdf,2/11/2023 8:38
NUHS Procurement Policy (NUHS-GPP-001) Revision 3.4 (31 Oct 2023).pdf,118,https://nuhs-intranet/Group%20Ops%20Shared%20Services/Group%20Strategic%20Procurement%20%20Documents/Policies/Group%20Strategic%20Procurement%20%26%20Contract%20Management/NUHS%20Procurement%20Policy%20%28NUHS-GPP-001%29%20Revision%203.4%20%2831%20Oct%202023%29.pdf,2/11/2023 8:38
NUHS Procurement Policy (NUHS-GPP-001) Revision 3.4 (31 Oct 2023).pdf,118,https://nuhs-intranet/Group%20Ops%20Shared%20Services/Group%20Strategic%20Procurement%20%20Documents/Policies/Group%20Strategic%20Procurement%20%26%20Contract%20Management/NUHS%20Procurement%20Policy%20%28NUHS-GPP-001%29%20Revision%203.4%20%2831%20Oct%202023%29.pdf,2/11/2023 8:38
NUHS Procurement Policy (NUHS-GPP-001) Revision 3.4 (31 Oct 2023).pdf,119,https://nuhs-intranet/Group%20Ops%20Shared%20Services/Group%20Strategic%20Procurement%20%20Documents/Policies/Group%20Strategic%20Procurement%20%26%20Contract%20Management/NUHS%20Procurement%20Policy%20%28NUHS-GPP-001%29%20Revision%203.4%20%2831%20Oct%202023%29.pdf,2/11/2023 8:38
NUHS Procurement Policy (NUHS-GPP-001) Revision 3.4 (31 Oct 2023).pdf,120,https://nuhs-intranet/Group%20Ops%20Shared%20Services/Group%20Strategic%20Procurement%20%20Documents/Policies/Group%20Strategic%20Procurement%20%26%20Contract%20Management/NUHS%20Procurement%20Policy%20%28NUHS-GPP-001%29%20Revision%203.4%20%2831%20Oct%202023%29.pdf,2/11/2023 8:38
NUHS Procurement Policy (NUHS-GPP-001) Revision 3.4 (31 Oct 2023).pdf,121,https://nuhs-intranet/Group%20Ops%20Shared%20Services/Group%20Strategic%20Procurement%20%20Documents/Policies/Group%20Strategic%20Procurement%20%26%20Contract%20Management/NUHS%20Procurement%20Policy%20%28NUHS-GPP-001%29%20Revision%203.4%20%2831%20Oct%202023%29.pdf,2/11/2023 8:38
NUHS Procurement Policy (NUHS-GPP-001) Revision 3.4 (31 Oct 2023).pdf,122,https://nuhs-intranet/Group%20Ops%20Shared%20Services/Group%20Strategic%20Procurement%20%20Documents/Policies/Group%20Strategic%20Procurement%20%26%20Contract%20Management/NUHS%20Procurement%20Policy%20%28NUHS-GPP-001%29%20Revision%203.4%20%2831%20Oct%202023%29.pdf,2/11/2023 8:38
NUHS Procurement Policy (NUHS-GPP-001) Revision 3.4 (31 Oct 2023).pdf,122,https://nuhs-intranet/Group%20Ops%20Shared%20Services/Group%20Strategic%20Procurement%20%20Documents/Policies/Group%20Strategic%20Procurement%20%26%20Contract%20Management/NUHS%20Procurement%20Policy%20%28NUHS-GPP-001%29%20Revision%203.4%20%2831%20Oct%202023%29.pdf,2/11/2023 8:38
NUHS Procurement Policy (NUHS-GPP-001) Revision 3.4 (31 Oct 2023).pdf,123,https://nuhs-intranet/Group%20Ops%20Shared%20Services/Group%20Strategic%20Procurement%20%20Documents/Policies/Group%20Strategic%20Procurement%20%26%20Contract%20Management/NUHS%20Procurement%20Policy%20%28NUHS-GPP-001%29%20Revision%203.4%20%2831%20Oct%202023%29.pdf,2/11/2023 8:38
NUHS Procurement Policy (NUHS-GPP-001) Revision 3.4 (31 Oct 2023).pdf,124,https://nuhs-intranet/Group%20Ops%20Shared%20Services/Group%20Strategic%20Procurement%20%20Documents/Policies/Group%20Strategic%20Procurement%20%26%20Contract%20Management/NUHS%20Procurement%20Policy%20%28NUHS-GPP-001%29%20Revision%203.4%20%2831%20Oct%202023%29.pdf,2/11/2023 8:38
NUHS Procurement Policy (NUHS-GPP-001) Revision 3.4 (31 Oct 2023).pdf,125,https://nuhs-intranet/Group%20Ops%20Shared%20Services/Group%20Strategic%20Procurement%20%20Documents/Policies/Group%20Strategic%20Procurement%20%26%20Contract%20Management/NUHS%20Procurement%20Policy%20%28NUHS-GPP-001%29%20Revision%203.4%20%2831%20Oct%202023%29.pdf,2/11/2023 8:38
NUHS Procurement Policy (NUHS-GPP-001) Revision 3.4 (31 Oct 2023).pdf,125,https://nuhs-intranet/Group%20Ops%20Shared%20Services/Group%20Strategic%20Procurement%20%20Documents/Policies/Group%20Strategic%20Procurement%20%26%20Contract%20Management/NUHS%20Procurement%20Policy%20%28NUHS-GPP-001%29%20Revision%203.4%20%2831%20Oct%202023%29.pdf,2/11/2023 8:38
NUHS Sourcing Request_v3.0 (31.10.22).docx,1,https://nuhs-intranet/Group%20Ops%20Shared%20Services/Group%20Strategic%20Procurement%20%20Documents/Procure_Stages/1.Pre-RFP_%26_RFQ/NUHS%20Sourcing%20Request_v3.0%20%2831.10.22%29.docx,31/10/2022 8:15
NUHS Sourcing Request_v3.0 (31.10.22).docx,1,https://nuhs-intranet/Group%20Ops%20Shared%20Services/Group%20Strategic%20Procurement%20%20Documents/Procure_Stages/1.Pre-RFP_%26_RFQ/NUHS%20Sourcing%20Request_v3.0%20%2831.10.22%29.docx,31/10/2022 8:15
NUHS Sourcing Request_v3.0 (31.10.22).docx,1,https://nuhs-intranet/Group%20Ops%20Shared%20Services/Group%20Strategic%20Procurement%20%20Documents/Procure_Stages/1.Pre-RFP_%26_RFQ/NUHS%20Sourcing%20Request_v3.0%20%2831.10.22%29.docx,31/10/2022 8:15
NUHS Sourcing Request_v3.0 (31.10.22).docx,1,https://nuhs-intranet/Group%20Ops%20Shared%20Services/Group%20Strategic%20Procurement%20%20Documents/Procure_Stages/1.Pre-RFP_%26_RFQ/NUHS%20Sourcing%20Request_v3.0%20%2831.10.22%29.docx,31/10/2022 8:15
NUHS Sourcing Request_v3.0 (31.10.22).docx,2,https://nuhs-intranet/Group%20Ops%20Shared%20Services/Group%20Strategic%20Procurement%20%20Documents/Procure_Stages/1.Pre-RFP_%26_RFQ/NUHS%20Sourcing%20Request_v3.0%20%2831.10.22%29.docx,31/10/2022 8:15
NUHS Sourcing Request_v3.0 (31.10.22).docx,2,https://nuhs-intranet/Group%20Ops%20Shared%20Services/Group%20Strategic%20Procurement%20%20Documents/Procure_Stages/1.Pre-RFP_%26_RFQ/NUHS%20Sourcing%20Request_v3.0%20%2831.10.22%29.docx,31/10/2022 8:15
NUHS Sourcing Request_v3.0 (31.10.22).docx,2,https://nuhs-intranet/Group%20Ops%20Shared%20Services/Group%20Strategic%20Procurement%20%20Documents/Procure_Stages/1.Pre-RFP_%26_RFQ/NUHS%20Sourcing%20Request_v3.0%20%2831.10.22%29.docx,31/10/2022 8:15
